radius,dist,tilt,atom_name_H,residue_name_H,chain_ID_H,residue_number_H,atom_name_O,residue_name_O,chain_ID_O,residue_number_O,H & O Strucs,Uncertainty
34.37250827332797,2.07558714584572,10.198827699367527, H   ,LEU,A,38, O   ,VAL,D,37,"[['B-Strand'], ['B-Strand']]",0.7454505483263124
29.136745888997282,2.0770192584566947,11.889304500031187, H   ,VAL,A,40, O   ,TYR,D,39,"[['B-Strand'], ['B-Strand']]",0.7070984655619046
24.760600497564674,2.270109468726122,8.55322466403861, H   ,SER,A,42, O   ,GLY,D,41,"[['B-Strand'], ['B-Strand']]",0.7388294796500745
20.14397229942496,2.1624560111132918,9.090361603087274, H   ,THR,A,44, O   ,LYS,D,43,"[['B-Strand'], ['B-Strand']]",0.7600695889193305
12.649737744317074,2.2795889980432857,1.2421330063035896, H   ,GLY,A,47, O   ,LYS,D,46,"[['B-Strand'], ['B-Strand']]",0.7005541378080641
9.291193733853579,2.194824366549633,3.543521521922372, H   ,VAL,A,49, O   ,VAL,D,48,"[['B-Strand'], ['B-Strand']]",0.5887712628856813
12.189887325156045,2.0401615132140902,9.521752799817065, H   ,GLY,A,51, O   ,HIS,D,50,"[['B-Strand'], ['A-Helix']]",0.5978209096376607
14.189463767175983,2.2320365140382448,1.8695742073776813, H   ,VAL,A,52, O   ,GLY,D,51,"[['A-Helix'], ['B-Strand']]",0.6061437453277894
16.014269792906575,2.137364966494961,3.9594504738544885, H   ,THR,A,54, O   ,ALA,D,53,"[['B-Strand'], ['B-Strand']]",0.6897644960419462
18.796512495673234,2.181191876016416,4.084336293016705, H   ,ALA,A,56, O   ,VAL,D,55,"[['B-Strand'], ['B-Strand']]",0.7536982154682337
23.771938288662962,2.1834468163891696,5.912419094969891, H   ,LYS,A,58, O   ,GLU,D,57,"[['B-Strand'], ['Turn']]",0.8509031084677032
26.368468461402912,2.2101348375155734,7.995341257639325, H   ,GLN,A,62, O   ,GLU,D,61,"[['B-Strand'], ['B-Strand']]",0.7903605506349619
23.684493577022078,2.1404602308849365,10.350862366383438, H   ,THR,A,64, O   ,VAL,D,63,"[['B-Strand'], ['B-Strand']]",0.6408057427957399
25.770237173918286,2.0679315752703245,12.777831873930083, H   ,VAL,A,66, O   ,ASN,D,65,"[['B-Strand'], ['B-Strand']]",0.555177899416034
23.06767853512789,2.0783979407226156,8.984020886796614, H   ,VAL,A,70, O   ,ALA,D,69,"[['B-Strand'], ['B-Strand']]",0.5775175322014043
18.132513615050726,2.1468085615629535,8.381301325107316, H   ,THR,A,72, O   ,VAL,D,71,"[['B-Strand'], ['B-Strand']]",0.5925156031700769
22.760751525378065,2.207369701703818,5.461869080743639, H   ,VAL,A,77, O   ,ALA,D,76,"[['B-Strand'], ['B-Strand']]",0.6308102725859812
28.51280919165981,2.2238392477874833,6.825887358505355, H   ,GLN,A,79, O   ,ALA,D,78,"[['B-Strand'], ['B-Strand']]",0.6413964920390507
34.91284004488893,2.237853212344365,7.832975317907227, H   ,THR,A,81, O   ,LYS,D,80,"[['B-Strand'], ['B-Strand']]",0.7096086949861874
41.061380809709746,1.9976528727484182,14.548530952690058, H   ,GLU,A,83, O   ,VAL,D,82,"[['B-Strand'], ['B-Strand']]",0.8392198400895918
40.94876204477981,2.06503292951953,5.217693560723177, H   ,ILE,A,88, O   ,SER,D,87,"[['B-Strand', 'Turn'], ['B-Strand']]",0.7506354641235651
35.799936773687186,2.1158159182688823,2.943011250507624, H   ,ALA,A,90, O   ,ALA,D,89,"[['B-Strand'], ['B-Strand']]",0.6723615842684649
32.24912516642893,2.1468509496469497,2.3608423202805966, H   ,THR,A,92, O   ,ALA,D,91,"[['B-Strand'], ['B-Strand']]",0.6232184849633393
35.137273229435436,2.1757741151139744,7.826822062806073, H   ,VAL,A,95, O   ,PHE,D,94,"[['B-Strand'], ['B-Strand']]",0.7469856491258718
40.805551448301735,1.9955400271605692,13.100724679989781, H   ,LYS,A,97, O   ,LYS,D,96,"[['B-Strand'], ['B-Strand']]",0.917014776325878
34.35767246191162,2.0729189564476433,10.005083089125478, H   ,LEU,B,38, O   ,VAL,C,37,"[['B-Strand'], ['B-Strand']]",0.7454505483263124
29.12187088770225,2.0362146252298645,11.687045128951638, H   ,VAL,B,40, O   ,TYR,C,39,"[['B-Strand'], ['B-Strand']]",0.7070984655619046
24.740153758616778,2.193620979111935,8.324290576506499, H   ,SER,B,42, O   ,GLY,C,41,"[['B-Strand'], ['B-Strand']]",0.7388294796500745
20.11825936804673,2.0380036800751866,8.866079423514037, H   ,THR,B,44, O   ,LYS,C,43,"[['B-Strand'], ['B-Strand']]",0.7600695889193305
12.622840448963935,2.129741768384139,1.2421330063035043, H   ,GLY,B,47, O   ,LYS,C,46,"[['B-Strand'], ['B-Strand']]",0.7005541378080641
9.281081941239394,2.0756524275513955,3.7774265318034423, H   ,VAL,B,49, O   ,VAL,C,48,"[['B-Strand'], ['B-Strand']]",0.5887712628856813
12.198773913799698,1.9579085780495467,9.746338770062877, H   ,GLY,B,51, O   ,HIS,C,50,"[['B-Strand'], ['A-Helix']]",0.5978209096376607
14.20302960639032,2.1770516760058785,2.1153423370249556, H   ,VAL,B,52, O   ,GLY,C,51,"[['A-Helix'], ['B-Strand']]",0.6061437453277894
16.039873565586483,2.0974269951538247,4.244465135716013, H   ,THR,B,54, O   ,ALA,C,53,"[['B-Strand'], ['B-Strand']]",0.6897644960419462
18.825102443280354,2.1435573237028223,4.331304848172252, H   ,ALA,B,56, O   ,VAL,C,55,"[['B-Strand'], ['B-Strand']]",0.7536982154682337
23.80348108995825,2.1620037002743544,6.04775549396193, H   ,LYS,B,58, O   ,GLU,C,57,"[['B-Strand'], ['Turn']]",0.8509031084677032
26.38987375869767,2.220492963285406,8.078727341557595, H   ,GLN,B,62, O   ,GLU,C,61,"[['B-Strand'], ['B-Strand']]",0.7903605506349619
23.700201117290124,2.1457478882664667,10.367236171078574, H   ,THR,B,64, O   ,VAL,C,63,"[['B-Strand'], ['B-Strand']]",0.6408057427957399
25.782005216817407,2.0980281218324976,12.73582890689697, H   ,VAL,B,66, O   ,ASN,C,65,"[['B-Strand'], ['B-Strand']]",0.555177899416034
23.083656989307393,2.0654040766881416,8.756315342482878, H   ,VAL,B,70, O   ,ALA,C,69,"[['B-Strand'], ['B-Strand']]",0.5775175322014043
18.14246546090139,2.0842854890825286,8.195955265158972, H   ,THR,B,72, O   ,VAL,C,71,"[['B-Strand'], ['B-Strand']]",0.5925156031700769
22.756664957765672,2.1485411329551045,5.478507494479032, H   ,VAL,B,77, O   ,ALA,C,76,"[['B-Strand'], ['B-Strand']]",0.6308102725859812
28.51368885290011,2.217658449806914,6.755455588804452, H   ,GLN,B,79, O   ,ALA,C,78,"[['B-Strand'], ['B-Strand']]",0.6413964920390507
34.915049019011846,2.2828116435658887,7.843778113453979, H   ,THR,B,81, O   ,LYS,C,80,"[['B-Strand'], ['B-Strand']]",0.7096086949861874
41.0635963476167,2.1022656825434747,14.57748855193634, H   ,GLU,B,83, O   ,VAL,C,82,"[['B-Strand'], ['B-Strand']]",0.8392198400895918
40.95141727706137,2.1900849298600273,5.059551494148607, H   ,ILE,B,88, O   ,SER,C,87,"[['B-Strand', 'Turn'], ['B-Strand']]",0.7506354641235651
35.79684512635157,2.203329752896738,2.744204247194375, H   ,ALA,B,90, O   ,ALA,C,89,"[['B-Strand'], ['B-Strand']]",0.6723615842684649
32.25520058843225,2.2133869973414053,2.342280668720889, H   ,THR,B,92, O   ,ALA,C,91,"[['B-Strand'], ['B-Strand']]",0.6232184849633393
35.148247466979065,2.2653434618176536,7.957859563511946, H   ,VAL,B,95, O   ,PHE,C,94,"[['B-Strand'], ['B-Strand']]",0.7469856491258718
40.815798228137105,2.1307092715807103,13.322431315578044, H   ,LYS,B,97, O   ,LYS,C,96,"[['B-Strand'], ['B-Strand']]",0.917014776325878
37.505059072077195,2.2764858883814756,6.918196124761906, H   ,VAL,C,37, O   ,GLY,B,36,"[['Misc'], ['B-Strand']]",0.794119915378024
31.74455961263284,2.029744811546517,3.6589025375865987, H   ,TYR,C,39, O   ,LEU,B,38,"[['B-Strand'], ['B-Strand']]",0.7139168158826349
27.142975610643724,2.0186312194157696,2.348231536265118, H   ,GLY,C,41, O   ,VAL,B,40,"[['B-Strand'], ['B-Strand']]",0.7139397313499228
22.85037516103401,2.029062345025407,1.840282124588441, H   ,LYS,C,43, O   ,SER,B,42,"[['B-Strand'], ['B-Strand']]",0.7646360964537314
17.854018035165083,2.3769150174122795,7.0064186308903516, H   ,LYS,C,45, O   ,THR,B,44,"[['B-Strand'], ['A-Helix']]",0.7419234596641354
15.153662824545094,1.9171345805654842,11.315325344239156, H   ,LYS,C,46, O   ,LYS,B,45,"[['A-Helix'], ['B-Strand']]",0.7445073135973884
10.000521686392167,2.0346070873758393,7.603773510367205, H   ,VAL,C,48, O   ,GLY,B,47,"[['B-Strand'], ['B-Strand']]",0.6306911288420031
9.791540685714379,2.00945266179624,9.004992108198977, H   ,HIS,C,50, O   ,VAL,B,49,"[['B-Strand'], ['B-Strand']]",0.5887712628856813
14.552848861992624,2.0978286393316314,8.540576537975411, H   ,ALA,C,53, O   ,VAL,B,52,"[['B-Strand'], ['B-Strand']]",0.645307988483019
17.03495538591164,2.0068069164720366,12.452923624229115, H   ,VAL,C,55, O   ,THR,B,54,"[['B-Strand'], ['B-Strand']]",0.7204966342738873
20.82102891309649,2.1310828233553014,8.829820479605615, H   ,GLU,C,57, O   ,ALA,B,56,"[['B-Strand'], ['B-Strand']]",0.8148482680843103
27.532472918355882,2.2024897275583393,4.885526132565687, H   ,LYS,C,60, O   ,THR,B,59,"[['B-Strand'], ['A-Helix']]",0.8642650056550941
28.412165457775302,1.8681426605053475,16.270621445062787, H   ,GLU,C,61, O   ,LYS,B,60,"[['A-Helix'], ['B-Strand']]",0.8608154854555069
25.07827717368161,2.12032143789568,0.7008455433545748, H   ,VAL,C,63, O   ,GLN,B,62,"[['B-Strand'], ['B-Strand']]",0.6972955901194271
24.535039861390075,2.130367573917703,4.126991545897056, H   ,ASN,C,65, O   ,THR,B,64,"[['B-Strand'], ['B-Strand']]",0.5915983096662802
27.596168302864076,2.0022152731412275,9.340327261962685, H   ,GLY,C,67, O   ,VAL,B,66,"[['B-Strand'], ['A-Helix']]",0.5407240516196778
20.628711859929595,2.079206819919555,2.8040222051276515, H   ,VAL,C,71, O   ,VAL,B,70,"[['B-Strand'], ['B-Strand']]",0.5851082122137751
16.32076033768035,2.147559777980579,1.375709578010742, H   ,GLY,C,73, O   ,THR,B,72,"[['B-Strand'], ['Misc']]",0.6017199514724436
18.274139651430925,1.7817772026827594,20.73849658036056, H   ,THR,C,75, O   ,VAL,B,74,"[['B-Strand', 'Turn'], ['Turn']]",0.6518649246584756
19.904681358916548,2.2114639947329007,8.433035375848917, H   ,ALA,C,76, O   ,THR,B,75,"[['Turn'], ['B-Strand']]",0.6478365380248323
25.253066051471848,2.1483400568811244,10.0610102098928, H   ,ALA,C,78, O   ,VAL,B,77,"[['B-Strand'], ['B-Strand']]",0.624406277995345
31.559459817937316,2.2670871178673293,8.890348361349112, H   ,LYS,C,80, O   ,GLN,B,79,"[['B-Strand'], ['B-Strand']]",0.6667279055206854
37.82628186856329,2.158668802757847,14.040771480512703, H   ,VAL,C,82, O   ,THR,B,81,"[['B-Strand'], ['B-Strand']]",0.7644513064937491
43.90004766512219,2.1155174307955966,17.995271952063277, H   ,GLY,C,84, O   ,GLU,B,83,"[['B-Strand'], ['Misc']]",0.8771149525575311
46.156643920458514,2.07081505692807,22.934349221637873, H   ,GLY,C,86, O   ,ALA,B,85,"[['B-Strand', 'Turn'], ['Turn']]",0.8113263831529208
38.0189157394053,2.1106371076051906,12.521560933153864, H   ,ALA,C,89, O   ,ILE,B,88,"[['B-Strand'], ['B-Strand']]",0.7069457263467968
33.62089436645016,2.2361066611411893,10.201990211816266, H   ,ALA,C,91, O   ,ALA,B,90,"[['B-Strand'], ['B-Strand']]",0.6411913910838167
30.880336283790694,2.2794536626130397,9.279805321383932, H   ,GLY,C,93, O   ,THR,B,92,"[['B-Strand'], ['A-Helix']]",0.6422547936761547
37.64686390657262,2.2107467064320154,13.287548984231691, H   ,LYS,C,96, O   ,VAL,B,95,"[['B-Strand'], ['B-Strand']]",0.8038613064453345
43.9968699454859,2.341676749681731,11.756843062002545, H   ,ASP,C,98, O   ,LYS,B,97,"[['B-Strand'], ['A-Helix']]",1.05796188967278
34.371489638943494,2.0758646391323317,10.214584062508465, H   ,LEU,C,38, O   ,VAL,F,37,"[['B-Strand'], ['B-Strand']]",0.7454505483263124
29.137490368938778,2.0767142316650093,11.90673216137904, H   ,VAL,C,40, O   ,TYR,F,39,"[['B-Strand'], ['B-Strand']]",0.7070984655619046
24.761318482665658,2.2695078761705156,8.561482617712159, H   ,SER,C,42, O   ,GLY,F,41,"[['B-Strand'], ['B-Strand']]",0.7388294796500745
20.14293350036186,2.1626308052924785,9.104150219952928, H   ,THR,C,44, O   ,LYS,F,43,"[['B-Strand'], ['B-Strand']]",0.7600695889193305
12.649795018102072,2.2797037088183205,1.2421330063035185, H   ,GLY,C,47, O   ,LYS,F,46,"[['B-Strand'], ['B-Strand']]",0.7005541378080641
9.291687144969961,2.194599052218878,3.5597127152377226, H   ,VAL,C,49, O   ,VAL,F,48,"[['B-Strand'], ['B-Strand']]",0.5887712628856813
12.189926209784867,2.0402151847292984,9.523657817064432, H   ,GLY,C,51, O   ,HIS,F,50,"[['B-Strand'], ['A-Helix']]",0.5978209096376607
14.189324754899367,2.232372952711976,1.8695742073776813, H   ,VAL,C,52, O   ,GLY,F,51,"[['A-Helix'], ['B-Strand']]",0.6061437453277894
16.015087136821954,2.1374379523158074,3.9864745229020286, H   ,THR,C,54, O   ,ALA,F,53,"[['B-Strand'], ['B-Strand']]",0.6897644960419462
18.797526699010163,2.1815194246212872,4.066801568112908, H   ,ALA,C,56, O   ,VAL,F,55,"[['B-Strand'], ['B-Strand']]",0.7536982154682337
23.773185314551352,2.1840302195711487,5.889368655650074, H   ,LYS,C,58, O   ,GLU,F,57,"[['B-Strand'], ['Turn']]",0.8509031084677032
26.36937187344439,2.2094580783531517,8.000019974218674, H   ,GLN,C,62, O   ,GLU,F,61,"[['B-Strand'], ['B-Strand']]",0.7903605506349619
23.685333457648426,2.1398081689721624,10.377282386870817, H   ,THR,C,64, O   ,VAL,F,63,"[['B-Strand'], ['B-Strand']]",0.6408057427957399
25.7697342632787,2.0676223059350094,12.799771190328784, H   ,VAL,C,66, O   ,ASN,F,65,"[['B-Strand'], ['B-Strand']]",0.555177899416034
23.06787549819012,2.07825527787132,9.00155891455151, H   ,VAL,C,70, O   ,ALA,F,69,"[['B-Strand'], ['B-Strand']]",0.5775175322014043
18.133485103531534,2.1464633702907663,8.374925177209377, H   ,THR,C,72, O   ,VAL,F,71,"[['B-Strand'], ['B-Strand']]",0.5925156031700769
22.76067389160523,2.2064072606842093,5.4495037676079505, H   ,VAL,C,77, O   ,ALA,F,76,"[['B-Strand'], ['B-Strand']]",0.6308102725859812
28.5123252120903,2.223763026943297,6.822116397593263, H   ,GLN,C,79, O   ,ALA,F,78,"[['B-Strand'], ['B-Strand']]",0.6413964920390507
34.91204777723587,2.2376134608104263,7.85197239364399, H   ,THR,C,81, O   ,LYS,F,80,"[['B-Strand'], ['B-Strand']]",0.7096086949861874
41.06009978068733,1.9976088205652267,14.53642111960282, H   ,GLU,C,83, O   ,VAL,F,82,"[['B-Strand'], ['B-Strand']]",0.8392198400895918
40.95042174385998,2.064507205121843,5.239656520409255, H   ,ILE,C,88, O   ,SER,F,87,"[['B-Strand', 'Turn'], ['B-Strand']]",0.7506354641235651
35.79885480011895,2.1159610109829554,2.9520639605625405, H   ,ALA,C,90, O   ,ALA,F,89,"[['B-Strand'], ['B-Strand']]",0.6723615842684649
32.251088198694944,2.1454831623669293,2.3626455179229, H   ,THR,C,92, O   ,ALA,F,91,"[['B-Strand'], ['B-Strand']]",0.6232184849633393
35.13726864740627,2.1759836856006065,7.821461324907631, H   ,VAL,C,95, O   ,PHE,F,94,"[['B-Strand'], ['B-Strand']]",0.7469856491258718
40.806114603083685,1.995697872925659,13.10226605514076, H   ,LYS,C,97, O   ,LYS,F,96,"[['B-Strand'], ['B-Strand']]",0.917014776325878
37.48654932105648,2.2899805676031413,6.745093026093812, H   ,VAL,D,37, O   ,GLY,A,36,"[['Misc'], ['B-Strand']]",0.794119915378024
31.721858347202797,2.0816985852903853,3.866304399483539, H   ,TYR,D,39, O   ,LEU,A,38,"[['B-Strand'], ['B-Strand']]",0.7139168158826349
27.118298416382988,2.1141951187153967,2.522329429920646, H   ,GLY,D,41, O   ,VAL,A,40,"[['B-Strand'], ['B-Strand']]",0.7139397313499228
22.823613254697424,2.1723629991325124,1.9673117487431284, H   ,LYS,D,43, O   ,SER,A,42,"[['B-Strand'], ['B-Strand']]",0.7646360964537314
17.82492201946477,2.5564203488471917,6.781125667343261, H   ,LYS,D,45, O   ,THR,A,44,"[['B-Strand'], ['A-Helix']]",0.7419234596641354
15.123968063970514,2.11529926960702,11.168230943747645, H   ,LYS,D,46, O   ,LYS,A,45,"[['A-Helix'], ['B-Strand']]",0.7445073135973884
9.97627234993111,2.199780216294347,7.524057943674947, H   ,VAL,D,48, O   ,GLY,A,47,"[['B-Strand'], ['B-Strand']]",0.6306911288420031
9.784450572208948,2.1329880449735312,8.814522575429407, H   ,HIS,D,50, O   ,VAL,A,49,"[['B-Strand'], ['B-Strand']]",0.5887712628856813
14.563041715246168,2.159874764888001,8.582339691100557, H   ,ALA,D,53, O   ,VAL,A,52,"[['B-Strand'], ['B-Strand']]",0.645307988483019
17.05710133639359,2.056542973049675,12.561391174607863, H   ,VAL,D,55, O   ,THR,A,54,"[['B-Strand'], ['B-Strand']]",0.7204966342738873
20.845153921235507,2.1760921395933592,8.950895169323687, H   ,GLU,D,57, O   ,ALA,A,56,"[['B-Strand'], ['B-Strand']]",0.8148482680843103
27.550818009634487,2.226838566218934,4.8441686353834115, H   ,LYS,D,60, O   ,THR,A,59,"[['B-Strand'], ['A-Helix']]",0.8642650056550941
28.431187681839816,1.8446257072913204,16.13236544067894, H   ,GLU,D,61, O   ,LYS,A,60,"[['A-Helix'], ['B-Strand']]",0.8608154854555069
25.087302804406853,2.1113355962518146,0.58771414081518, H   ,VAL,D,63, O   ,GLN,A,62,"[['B-Strand'], ['B-Strand']]",0.6972955901194271
24.53984949016599,2.1229246336127896,3.938818207798491, H   ,ASN,D,65, O   ,THR,A,64,"[['B-Strand'], ['B-Strand']]",0.5915983096662802
27.59518155403222,1.972521482772748,9.07327699011907, H   ,GLY,D,67, O   ,VAL,A,66,"[['B-Strand'], ['A-Helix']]",0.5407240516196778
20.6349161616906,2.100109282870775,2.9898808782328246, H   ,VAL,D,71, O   ,VAL,A,70,"[['B-Strand'], ['B-Strand']]",0.5851082122137751
16.31415986191137,2.2105198483614688,1.5844399106393752, H   ,GLY,D,73, O   ,THR,A,72,"[['B-Strand'], ['Misc']]",0.6017199514724436
18.257558434796263,1.8876117185480674,20.559821912448626, H   ,THR,D,75, O   ,VAL,A,74,"[['B-Strand', 'Turn'], ['Turn']]",0.6518649246584756
19.8908203953482,2.2947198086040923,8.236859417959224, H   ,ALA,D,76, O   ,THR,A,75,"[['Turn'], ['B-Strand']]",0.6478365380248323
25.2470613141411,2.1739894203974406,9.870306127199342, H   ,ALA,D,78, O   ,VAL,A,77,"[['B-Strand'], ['B-Strand']]",0.624406277995345
31.554298122442844,2.2406487899713325,8.671069874712003, H   ,LYS,D,80, O   ,GLN,A,79,"[['B-Strand'], ['B-Strand']]",0.6667279055206854
37.8211977732065,2.0757928605715956,13.899657316473679, H   ,VAL,D,82, O   ,THR,A,81,"[['B-Strand'], ['B-Strand']]",0.7644513064937491
43.89613472733106,1.978208785745326,17.784329168102246, H   ,GLY,D,84, O   ,GLU,A,83,"[['B-Strand'], ['Misc']]",0.8771149525575311
46.140656800700185,1.8949852242168006,22.891026724810473, H   ,GLY,D,86, O   ,ALA,A,85,"[['B-Strand', 'Turn'], ['Turn']]",0.8113263831529208
38.009569755523415,1.9975339796859555,12.635890061033749, H   ,ALA,D,89, O   ,ILE,A,88,"[['B-Strand'], ['B-Strand']]",0.7069457263467968
33.61192365813061,2.146685584802769,10.271493588971694, H   ,ALA,D,91, O   ,ALA,A,90,"[['B-Strand'], ['B-Strand']]",0.6411913910838167
30.873631532425854,2.2076333481808064,9.38531953430062, H   ,GLY,D,93, O   ,THR,A,92,"[['B-Strand'], ['A-Helix']]",0.6422547936761547
37.648257117694044,2.094860854567676,13.291931489254921, H   ,LYS,D,96, O   ,VAL,A,95,"[['B-Strand'], ['B-Strand']]",0.8038613064453345
43.999615055134285,2.187852371619254,11.757203525678378, H   ,ASP,D,98, O   ,LYS,A,97,"[['B-Strand'], ['A-Helix']]",1.05796188967278
34.35832727302073,2.0728639608039905,9.983983305752616, H   ,LEU,D,38, O   ,VAL,E,37,"[['B-Strand'], ['B-Strand']]",0.7454505483263124
29.122567486401334,2.0363037592657913,11.673930652750514, H   ,VAL,D,40, O   ,TYR,E,39,"[['B-Strand'], ['B-Strand']]",0.7070984655619046
24.741033466692535,2.192896030367147,8.328926479116603, H   ,SER,D,42, O   ,GLY,E,41,"[['B-Strand'], ['B-Strand']]",0.7388294796500745
20.11779113123506,2.0386235552450565,8.863902650422176, H   ,THR,D,44, O   ,LYS,E,43,"[['B-Strand'], ['B-Strand']]",0.7600695889193305
12.622726329917796,2.1293675117273674,1.2421330063035612, H   ,GLY,D,47, O   ,LYS,E,46,"[['B-Strand'], ['B-Strand']]",0.7005541378080641
9.281967302247946,2.0756574861956394,3.793207618244466, H   ,VAL,D,49, O   ,VAL,E,48,"[['B-Strand'], ['B-Strand']]",0.5887712628856813
12.199147552185767,1.9578881479798576,9.776070398121107, H   ,GLY,D,51, O   ,HIS,E,50,"[['B-Strand'], ['A-Helix']]",0.5978209096376607
14.201698947661157,2.1772427517389947,2.1098174982861906, H   ,VAL,D,52, O   ,GLY,E,51,"[['A-Helix'], ['B-Strand']]",0.6061437453277894
16.038650597852676,2.0972934940060255,4.253307600865568, H   ,THR,D,54, O   ,ALA,E,53,"[['B-Strand'], ['B-Strand']]",0.6897644960419462
18.82691522793896,2.14402425359416,4.337465550349549, H   ,ALA,D,56, O   ,VAL,E,55,"[['B-Strand'], ['B-Strand']]",0.7536982154682337
23.803993551503073,2.1621140117949373,6.060506402375651, H   ,LYS,D,58, O   ,GLU,E,57,"[['B-Strand'], ['Turn']]",0.8509031084677032
26.390801901420126,2.219947972363316,8.047978638329823, H   ,GLN,D,62, O   ,GLU,E,61,"[['B-Strand'], ['B-Strand']]",0.7903605506349619
23.701400232897633,2.1454626540678827,10.364773495824053, H   ,THR,D,64, O   ,VAL,E,63,"[['B-Strand'], ['B-Strand']]",0.6408057427957399
25.78214979399507,2.097549045910491,12.763181942778246, H   ,VAL,D,66, O   ,ASN,E,65,"[['B-Strand'], ['B-Strand']]",0.555177899416034
23.083909222659837,2.065247927005374,8.774580970241331, H   ,VAL,D,70, O   ,ALA,E,69,"[['B-Strand'], ['B-Strand']]",0.5775175322014043
18.142807390257992,2.0840559013615727,8.191002691557898, H   ,THR,D,72, O   ,VAL,E,71,"[['B-Strand'], ['B-Strand']]",0.5925156031700769
22.756585794006973,2.1484266336088846,5.470488327422942, H   ,VAL,D,77, O   ,ALA,E,76,"[['B-Strand'], ['B-Strand']]",0.6308102725859812
28.514363205233956,2.217971595850589,6.756725606882455, H   ,GLN,D,79, O   ,ALA,E,78,"[['B-Strand'], ['B-Strand']]",0.6413964920390507
34.91497548330802,2.282783169729444,7.8581122447758815, H   ,THR,D,81, O   ,LYS,E,80,"[['B-Strand'], ['B-Strand']]",0.7096086949861874
41.064037124958865,2.1029403225008565,14.569893720951498, H   ,GLU,D,83, O   ,VAL,E,82,"[['B-Strand'], ['B-Strand']]",0.8392198400895918
40.95040361217457,2.1904122899582195,5.037432444194181, H   ,ILE,D,88, O   ,SER,E,87,"[['B-Strand', 'Turn'], ['B-Strand']]",0.7506354641235651
35.7968032790639,2.203472259866232,2.75620792846955, H   ,ALA,D,90, O   ,ALA,E,89,"[['B-Strand'], ['B-Strand']]",0.6723615842684649
32.25345748908169,2.2135376662708937,2.3504474756192337, H   ,THR,D,92, O   ,ALA,E,91,"[['B-Strand'], ['B-Strand']]",0.6232184849633393
35.14925633637218,2.2657502068851296,7.956644096204585, H   ,VAL,D,95, O   ,PHE,E,94,"[['B-Strand'], ['B-Strand']]",0.7469856491258718
40.81581390833705,2.130827773425154,13.326974701531569, H   ,LYS,D,97, O   ,LYS,E,96,"[['B-Strand'], ['B-Strand']]",0.917014776325878
37.50605969706761,2.276117747393575,6.910632688492896, H   ,VAL,E,37, O   ,GLY,D,36,"[['Misc'], ['B-Strand']]",0.794119915378024
31.74418453827409,2.029883247874121,3.6638795050573094, H   ,TYR,E,39, O   ,LEU,D,38,"[['B-Strand'], ['B-Strand']]",0.7139168158826349
27.142456373733015,2.0187461455071554,2.331025691178766, H   ,GLY,E,41, O   ,VAL,D,40,"[['B-Strand'], ['B-Strand']]",0.7139397313499228
22.849049192471885,2.0286027210866084,1.8018759959311268, H   ,LYS,E,43, O   ,SER,D,42,"[['B-Strand'], ['B-Strand']]",0.7646360964537314
17.85451897979892,2.377142402129078,6.997238380296565, H   ,LYS,E,45, O   ,THR,D,44,"[['B-Strand'], ['A-Helix']]",0.7419234596641354
15.153692751273534,1.9169105352102356,11.279005406788187, H   ,LYS,E,46, O   ,LYS,D,45,"[['A-Helix'], ['B-Strand']]",0.7445073135973884
10.000310445181189,2.0349985257979912,7.615112335412107, H   ,VAL,E,48, O   ,GLY,D,47,"[['B-Strand'], ['B-Strand']]",0.6306911288420031
9.79043824351086,2.009694504147336,9.009977854142349, H   ,HIS,E,50, O   ,VAL,D,49,"[['B-Strand'], ['B-Strand']]",0.5887712628856813
14.552975125382439,2.097383131428306,8.55593312567062, H   ,ALA,E,53, O   ,VAL,D,52,"[['B-Strand'], ['B-Strand']]",0.645307988483019
17.035252390264137,2.0069504229053563,12.453605288691108, H   ,VAL,E,55, O   ,THR,D,54,"[['B-Strand'], ['B-Strand']]",0.7204966342738873
20.821778790487617,2.1314316784734157,8.806509340069354, H   ,GLU,E,57, O   ,ALA,D,56,"[['B-Strand'], ['B-Strand']]",0.8148482680843103
27.53351254380741,2.2023691788617077,4.916477721599776, H   ,LYS,E,60, O   ,THR,D,59,"[['B-Strand'], ['A-Helix']]",0.8642650056550941
28.41309564267857,1.868116431060976,16.238470480253937, H   ,GLU,E,61, O   ,LYS,D,60,"[['A-Helix'], ['B-Strand']]",0.8608154854555069
25.076118619116478,2.12030823230963,0.6993919670834998, H   ,VAL,E,63, O   ,GLN,D,62,"[['B-Strand'], ['B-Strand']]",0.6972955901194271
24.534672302682175,2.1301788657293548,4.146682198835251, H   ,ASN,E,65, O   ,THR,D,64,"[['B-Strand'], ['B-Strand']]",0.5915983096662802
27.59517269378831,2.0020302195521427,9.347861955132174, H   ,GLY,E,67, O   ,VAL,D,66,"[['B-Strand'], ['A-Helix']]",0.5407240516196778
20.629520619733267,2.0792849732540284,2.7823577589399093, H   ,VAL,E,71, O   ,VAL,D,70,"[['B-Strand'], ['B-Strand']]",0.5851082122137751
16.320538532781324,2.1474733991367607,1.3757095780106994, H   ,GLY,E,73, O   ,THR,D,72,"[['B-Strand'], ['Misc']]",0.6017199514724436
18.27427451364349,1.7818201368263855,20.727401178741616, H   ,THR,E,75, O   ,VAL,D,74,"[['B-Strand', 'Turn'], ['Turn']]",0.6518649246584756
19.90530507176416,2.210956354159891,8.42807013130205, H   ,ALA,E,76, O   ,THR,D,75,"[['Turn'], ['B-Strand']]",0.6478365380248323
25.25242556666587,2.1481948235669863,10.053389102425186, H   ,ALA,E,78, O   ,VAL,D,77,"[['B-Strand'], ['B-Strand']]",0.624406277995345
31.5590342215981,2.2672450242530013,8.859426392762458, H   ,LYS,E,80, O   ,GLN,D,79,"[['B-Strand'], ['B-Strand']]",0.6667279055206854
37.826474353288596,2.1589817044153,14.005818439718325, H   ,VAL,E,82, O   ,THR,D,81,"[['B-Strand'], ['B-Strand']]",0.7644513064937491
43.900723513400095,2.1147210217898733,18.004375356188575, H   ,GLY,E,84, O   ,GLU,D,83,"[['B-Strand'], ['Misc']]",0.8771149525575311
46.1556657085563,2.070706642670567,22.91339723635153, H   ,GLY,E,86, O   ,ALA,D,85,"[['B-Strand', 'Turn'], ['Turn']]",0.8113263831529208
38.01882377191593,2.1098518905363974,12.495701909875606, H   ,ALA,E,89, O   ,ILE,D,88,"[['B-Strand'], ['B-Strand']]",0.7069457263467968
33.62093282465553,2.235750656938293,10.187524442383435, H   ,ALA,E,91, O   ,ALA,D,90,"[['B-Strand'], ['B-Strand']]",0.6411913910838167
30.88060370200039,2.279735949622238,9.256119182720184, H   ,GLY,E,93, O   ,THR,D,92,"[['B-Strand'], ['A-Helix']]",0.6422547936761547
37.64674610109086,2.210428239052334,13.265851169337168, H   ,LYS,E,96, O   ,VAL,D,95,"[['B-Strand'], ['B-Strand']]",0.8038613064453345
43.99666350986174,2.3422566042173925,11.740970493312659, H   ,ASP,E,98, O   ,LYS,D,97,"[['B-Strand'], ['A-Helix']]",1.05796188967278
34.3724366607897,2.075596058967159,10.19830551517984, H   ,LEU,E,38, O   ,VAL,H,37,"[['B-Strand'], ['B-Strand']]",0.7454505483263124
29.137230376272896,2.0766581326737454,11.92858827092121, H   ,VAL,E,40, O   ,TYR,H,39,"[['B-Strand'], ['B-Strand']]",0.7070984655619046
24.760567541960746,2.2697288384298235,8.539317288817557, H   ,SER,E,42, O   ,GLY,H,41,"[['B-Strand'], ['B-Strand']]",0.7388294796500745
20.14360585893201,2.162550577443217,9.062954114162508, H   ,THR,E,44, O   ,LYS,H,43,"[['B-Strand'], ['B-Strand']]",0.7600695889193305
12.649807785100926,2.279555439115269,1.2421330063035043, H   ,GLY,E,47, O   ,LYS,H,46,"[['B-Strand'], ['B-Strand']]",0.7005541378080641
9.292402272824827,2.1944671334973322,3.5770218053819036, H   ,VAL,E,49, O   ,VAL,H,48,"[['B-Strand'], ['B-Strand']]",0.5887712628856813
12.190604004724296,2.0405327735667447,9.491329343194735, H   ,GLY,E,51, O   ,HIS,H,50,"[['B-Strand'], ['A-Helix']]",0.5978209096376607
14.189207624106428,2.23229859113874,1.8667410425770044, H   ,VAL,E,52, O   ,GLY,H,51,"[['A-Helix'], ['B-Strand']]",0.6061437453277894
16.014787666403823,2.1373518662120166,4.014386222133055, H   ,THR,E,54, O   ,ALA,H,53,"[['B-Strand'], ['B-Strand']]",0.6897644960419462
18.79705585989466,2.1812954866317433,4.076494272863158, H   ,ALA,E,56, O   ,VAL,H,55,"[['B-Strand'], ['B-Strand']]",0.7536982154682337
23.772218428240983,2.1836634356054048,5.8680514083640105, H   ,LYS,E,58, O   ,GLU,H,57,"[['B-Strand'], ['Turn']]",0.8509031084677032
26.368613539585276,2.209587065494367,7.968416373671317, H   ,GLN,E,62, O   ,GLU,H,61,"[['B-Strand'], ['B-Strand']]",0.7903605506349619
23.685025860234983,2.140165881421347,10.373585921972634, H   ,THR,E,64, O   ,VAL,H,63,"[['B-Strand'], ['B-Strand']]",0.6408057427957399
25.76965754526047,2.0678263950341647,12.791382771251804, H   ,VAL,E,66, O   ,ASN,H,65,"[['B-Strand'], ['B-Strand']]",0.555177899416034
23.06750235721241,2.0784092474775018,9.02215254979157, H   ,VAL,E,70, O   ,ALA,H,69,"[['B-Strand'], ['B-Strand']]",0.5775175322014043
18.1328240767951,2.146849086452052,8.371097035356712, H   ,THR,E,72, O   ,VAL,H,71,"[['B-Strand'], ['B-Strand']]",0.5925156031700769
22.76145522588571,2.2077640272456662,5.4390790792888595, H   ,VAL,E,77, O   ,ALA,H,76,"[['B-Strand'], ['B-Strand']]",0.6308102725859812
28.512584397069304,2.223836549749104,6.820858932695273, H   ,GLN,E,79, O   ,ALA,H,78,"[['B-Strand'], ['B-Strand']]",0.6413964920390507
34.912279286806815,2.237892982249154,7.836122041050871, H   ,THR,E,81, O   ,LYS,H,80,"[['B-Strand'], ['B-Strand']]",0.7096086949861874
41.0605349453706,1.9974886733095654,14.569893720951455, H   ,GLU,E,83, O   ,VAL,H,82,"[['B-Strand'], ['B-Strand']]",0.8392198400895918
40.95054848228531,2.0646302332379,5.2183106215231305, H   ,ILE,E,88, O   ,SER,H,87,"[['B-Strand', 'Turn'], ['B-Strand']]",0.7506354641235651
35.7989330706936,2.1159031168746822,2.9618100582813867, H   ,ALA,E,90, O   ,ALA,H,89,"[['B-Strand'], ['B-Strand']]",0.6723615842684649
32.25106641647683,2.1459405863164056,2.36624784982466, H   ,THR,E,92, O   ,ALA,H,91,"[['B-Strand'], ['B-Strand']]",0.6232184849633393
35.13747408394633,2.1762260911954905,7.818573183552644, H   ,VAL,E,95, O   ,PHE,H,94,"[['B-Strand'], ['B-Strand']]",0.7469856491258718
40.805342909967074,1.9954568399241315,13.090254087183595, H   ,LYS,E,97, O   ,LYS,H,96,"[['B-Strand'], ['B-Strand']]",0.917014776325878
37.485996745451494,2.2901654962032785,6.787149546285434, H   ,VAL,F,37, O   ,GLY,C,36,"[['Misc'], ['B-Strand']]",0.794119915378024
31.722129594338394,2.081818676061873,3.8272922664345117, H   ,TYR,F,39, O   ,LEU,C,38,"[['B-Strand'], ['B-Strand']]",0.7139168158826349
27.118429618987896,2.11426795841965,2.507995026921563, H   ,GLY,F,41, O   ,VAL,C,40,"[['B-Strand'], ['B-Strand']]",0.7139397313499228
22.822849646790385,2.172418237817019,1.967311748743299, H   ,LYS,F,43, O   ,SER,C,42,"[['B-Strand'], ['B-Strand']]",0.7646360964537314
17.825178736831784,2.556041079482099,6.736216468373968, H   ,LYS,F,45, O   ,THR,C,44,"[['B-Strand'], ['A-Helix']]",0.7419234596641354
15.12392968113777,2.1154729967550976,11.151430465051476, H   ,LYS,F,46, O   ,LYS,C,45,"[['A-Helix'], ['B-Strand']]",0.7445073135973884
9.976864286939058,2.199542225100487,7.496947132403761, H   ,VAL,F,48, O   ,GLY,C,47,"[['B-Strand'], ['B-Strand']]",0.6306911288420031
9.784628761480938,2.1325498821832967,8.882156550788608, H   ,HIS,F,50, O   ,VAL,C,49,"[['B-Strand'], ['B-Strand']]",0.5887712628856813
14.561387365220389,2.1599377305839194,8.581467924158488, H   ,ALA,F,53, O   ,VAL,C,52,"[['B-Strand'], ['B-Strand']]",0.645307988483019
17.05545991757478,2.056462010346896,12.5136178174007, H   ,VAL,F,55, O   ,THR,C,54,"[['B-Strand'], ['B-Strand']]",0.7204966342738873
20.84471290279624,2.1759094650283597,8.973369153018439, H   ,GLU,F,57, O   ,ALA,C,56,"[['B-Strand'], ['B-Strand']]",0.8148482680843103
27.55060777913983,2.226836769949696,4.84416863538344, H   ,LYS,F,60, O   ,THR,C,59,"[['B-Strand'], ['A-Helix']]",0.8642650056550941
28.43062243426971,1.8448176061605666,16.183349581545613, H   ,GLU,F,61, O   ,LYS,C,60,"[['A-Helix'], ['B-Strand']]",0.8608154854555069
25.08721973435877,2.1113734866195495,0.58771414081518, H   ,VAL,F,63, O   ,GLN,C,62,"[['B-Strand'], ['B-Strand']]",0.6972955901194271
24.539384364730914,2.1228292441927583,3.917807130595506, H   ,ASN,F,65, O   ,THR,C,64,"[['B-Strand'], ['B-Strand']]",0.5915983096662802
27.594000652315714,1.972284462241692,9.081035103329896, H   ,GLY,F,67, O   ,VAL,C,66,"[['B-Strand'], ['A-Helix']]",0.5407240516196778
20.633638796877296,2.100527790818298,2.9688457186052375, H   ,VAL,F,71, O   ,VAL,C,70,"[['B-Strand'], ['B-Strand']]",0.5851082122137751
16.314996353048937,2.2117063548310387,1.5609772443030607, H   ,GLY,F,73, O   ,THR,C,72,"[['B-Strand'], ['Misc']]",0.6017199514724436
18.257773276059705,1.8876074803835676,20.54601137774904, H   ,THR,F,75, O   ,VAL,C,74,"[['B-Strand', 'Turn'], ['Turn']]",0.6518649246584756
19.891529704876895,2.294980174206305,8.234775139969983, H   ,ALA,F,76, O   ,THR,C,75,"[['Turn'], ['B-Strand']]",0.6478365380248323
25.246597315281914,2.174367724190184,9.866741123847163, H   ,ALA,F,78, O   ,VAL,C,77,"[['B-Strand'], ['B-Strand']]",0.624406277995345
31.55364963043103,2.2407255521370772,8.642050476886112, H   ,LYS,F,80, O   ,GLN,C,79,"[['B-Strand'], ['B-Strand']]",0.6667279055206854
37.82061665282574,2.0750971061615395,13.91224161920573, H   ,VAL,F,82, O   ,THR,C,81,"[['B-Strand'], ['B-Strand']]",0.7644513064937491
43.89537211369782,1.9782643908234319,17.775504857328258, H   ,GLY,F,84, O   ,GLU,C,83,"[['B-Strand'], ['Misc']]",0.8771149525575311
46.14175307679586,1.8950551443163872,22.90300046198938, H   ,GLY,F,86, O   ,ALA,C,85,"[['B-Strand', 'Turn'], ['Turn']]",0.8113263831529208
38.00918731043851,1.997771508456359,12.613655255665577, H   ,ALA,F,89, O   ,ILE,C,88,"[['B-Strand'], ['B-Strand']]",0.7069457263467968
33.61162516154195,2.146593114681961,10.284378036090857, H   ,ALA,F,91, O   ,ALA,C,90,"[['B-Strand'], ['B-Strand']]",0.6411913910838167
30.87449868418919,2.2080826524385353,9.338339394161437, H   ,GLY,F,93, O   ,THR,C,92,"[['B-Strand'], ['A-Helix']]",0.6422547936761547
37.649594552929784,2.0949663481784153,13.30029350517988, H   ,LYS,F,96, O   ,VAL,C,95,"[['B-Strand'], ['B-Strand']]",0.8038613064453345
43.999158503316856,2.1875874839649283,11.746023439409726, H   ,ASP,F,98, O   ,LYS,C,97,"[['B-Strand'], ['A-Helix']]",1.05796188967278
34.357943390139056,2.0728506940925557,10.031231336527256, H   ,LEU,F,38, O   ,VAL,G,37,"[['B-Strand'], ['B-Strand']]",0.7454505483263124
29.122125780924716,2.036472194752487,11.630554827659097, H   ,VAL,F,40, O   ,TYR,G,39,"[['B-Strand'], ['B-Strand']]",0.7070984655619046
24.74012265531438,2.192992932045156,8.339733046670531, H   ,SER,F,42, O   ,GLY,G,41,"[['B-Strand'], ['B-Strand']]",0.7388294796500745
20.1178620136435,2.0384707503420314,8.82061239547781, H   ,THR,F,44, O   ,LYS,G,43,"[['B-Strand'], ['B-Strand']]",0.7600695889193305
12.622899389601423,2.1295854056599843,1.2728970087128744, H   ,GLY,F,47, O   ,LYS,G,46,"[['B-Strand'], ['B-Strand']]",0.7005541378080641
9.282078323306694,2.075689283105735,3.769794193616221, H   ,VAL,F,49, O   ,VAL,G,48,"[['B-Strand'], ['B-Strand']]",0.5887712628856813
12.198501301389445,1.9577397682020958,9.7733417650865, H   ,GLY,F,51, O   ,HIS,G,50,"[['B-Strand'], ['A-Helix']]",0.5978209096376607
14.202496470691342,2.1773839808357196,2.1052865805302474, H   ,VAL,F,52, O   ,GLY,G,51,"[['A-Helix'], ['B-Strand']]",0.6061437453277894
16.039698282698463,2.097370258204304,4.280477284095298, H   ,THR,F,54, O   ,ALA,G,53,"[['B-Strand'], ['B-Strand']]",0.6897644960419462
18.826218340389026,2.1438938872994613,4.3630002317857475, H   ,ALA,F,56, O   ,VAL,G,55,"[['B-Strand'], ['B-Strand']]",0.7536982154682337
23.8034184519787,2.161902402977526,6.076053684993809, H   ,LYS,F,58, O   ,GLU,G,57,"[['B-Strand'], ['Turn']]",0.8509031084677032
26.38997857141987,2.220415501657292,8.060054202774595, H   ,GLN,F,62, O   ,GLU,G,61,"[['B-Strand'], ['B-Strand']]",0.7903605506349619
23.700562967997193,2.145821521003084,10.366004912747343, H   ,THR,F,64, O   ,VAL,G,63,"[['B-Strand'], ['B-Strand']]",0.6408057427957399
25.781976068563868,2.0978446081633395,12.759599804628849, H   ,VAL,F,66, O   ,ASN,G,65,"[['B-Strand'], ['B-Strand']]",0.555177899416034
23.08386070396371,2.0652602741543284,8.754474286950654, H   ,VAL,F,70, O   ,ALA,G,69,"[['B-Strand'], ['B-Strand']]",0.5775175322014043
18.142457964675017,2.0843188335760945,8.18865563825436, H   ,THR,F,72, O   ,VAL,G,71,"[['B-Strand'], ['B-Strand']]",0.5925156031700769
22.756505267725096,2.1485795307598003,5.4644171143706615, H   ,VAL,F,77, O   ,ALA,G,76,"[['B-Strand'], ['B-Strand']]",0.6308102725859812
28.514552512708317,2.2179438676395775,6.760534185563998, H   ,GLN,F,79, O   ,ALA,G,78,"[['B-Strand'], ['B-Strand']]",0.6413964920390507
34.91574043322009,2.2829975908879057,7.875957560473395, H   ,THR,F,81, O   ,LYS,G,80,"[['B-Strand'], ['B-Strand']]",0.7096086949861874
41.063661624360776,2.1021010917650935,14.56649262372295, H   ,GLU,F,83, O   ,VAL,G,82,"[['B-Strand'], ['B-Strand']]",0.8392198400895918
40.950851969159324,2.1902321794732162,5.062309498471151, H   ,ILE,F,88, O   ,SER,G,87,"[['B-Strand', 'Turn'], ['B-Strand']]",0.7506354641235651
35.79861698445905,2.2032419295211327,2.7689294298848495, H   ,ALA,F,90, O   ,ALA,G,89,"[['B-Strand'], ['B-Strand']]",0.6723615842684649
32.25435165989234,2.21351620730457,2.360391308720068, H   ,THR,F,92, O   ,ALA,G,91,"[['B-Strand'], ['B-Strand']]",0.6232184849633393
35.14819598500043,2.2653595741073898,7.957859563511974, H   ,VAL,F,95, O   ,PHE,G,94,"[['B-Strand'], ['B-Strand']]",0.7469856491258718
40.816706787784824,2.131031205778087,13.336135791335863, H   ,LYS,F,97, O   ,LYS,G,96,"[['B-Strand'], ['B-Strand']]",0.917014776325878
37.50616654631609,2.276012741616357,6.906216733693739, H   ,VAL,G,37, O   ,GLY,F,36,"[['Misc'], ['B-Strand']]",0.794119915378024
31.742856991770605,2.0308741960052563,3.6755634661691516, H   ,TYR,G,39, O   ,LEU,F,38,"[['B-Strand'], ['B-Strand']]",0.7139168158826349
27.142345974510018,2.0190428425370266,2.3549892141200246, H   ,GLY,G,41, O   ,VAL,F,40,"[['B-Strand'], ['B-Strand']]",0.7139397313499228
22.849817373449618,2.0288065457307667,1.8018759959311268, H   ,LYS,G,43, O   ,SER,F,42,"[['B-Strand'], ['B-Strand']]",0.7646360964537314
17.85482761048115,2.377153760277193,6.990498275487738, H   ,LYS,G,45, O   ,THR,F,44,"[['B-Strand'], ['A-Helix']]",0.7419234596641354
15.152689530245118,1.917292361639196,11.279855914711064, H   ,LYS,G,46, O   ,LYS,F,45,"[['A-Helix'], ['B-Strand']]",0.7445073135973884
10.00140615113695,2.0346746668693703,7.629261181935007, H   ,VAL,G,48, O   ,GLY,F,47,"[['B-Strand'], ['B-Strand']]",0.6306911288420031
9.789597795619592,2.0099116896023057,8.97465837954445, H   ,HIS,G,50, O   ,VAL,F,49,"[['B-Strand'], ['B-Strand']]",0.5887712628856813
14.552611930509245,2.0973023148797614,8.533450186373301, H   ,ALA,G,53, O   ,VAL,F,52,"[['B-Strand'], ['B-Strand']]",0.645307988483019
17.034427287114763,2.007016193258042,12.458716434845485, H   ,VAL,G,55, O   ,THR,F,54,"[['B-Strand'], ['B-Strand']]",0.7204966342738873
20.82272607032998,2.131469211600299,8.83733412815134, H   ,GLU,G,57, O   ,ALA,F,56,"[['B-Strand'], ['B-Strand']]",0.8148482680843103
27.53318670259583,2.202221378517607,4.911223286355508, H   ,LYS,G,60, O   ,THR,F,59,"[['B-Strand'], ['A-Helix']]",0.8642650056550941
28.41387268571463,1.868095554301224,16.265848891887828, H   ,GLU,G,61, O   ,LYS,F,60,"[['A-Helix'], ['B-Strand']]",0.8608154854555069
25.076382713621197,2.120219092452477,0.6993919670834998, H   ,VAL,G,63, O   ,GLN,F,62,"[['B-Strand'], ['B-Strand']]",0.6972955901194271
24.53479769633326,2.1303696862281902,4.14694066119435, H   ,ASN,G,65, O   ,THR,F,64,"[['B-Strand'], ['B-Strand']]",0.5915983096662802
27.59597191620545,2.0022050344557627,9.324895155661736, H   ,GLY,G,67, O   ,VAL,F,66,"[['B-Strand'], ['A-Helix']]",0.5407240516196778
20.62903182410653,2.0791125510659607,2.802886105804788, H   ,VAL,G,71, O   ,VAL,F,70,"[['B-Strand'], ['B-Strand']]",0.5851082122137751
16.319946354078496,2.1470638090191936,1.3923804709097283, H   ,GLY,G,73, O   ,THR,F,72,"[['B-Strand'], ['Misc']]",0.6017199514724436
18.273634148685368,1.7817873049272706,20.72304005201437, H   ,THR,G,75, O   ,VAL,F,74,"[['B-Strand', 'Turn'], ['Turn']]",0.6518649246584756
19.905940671066013,2.211641245772017,8.425013064543961, H   ,ALA,G,76, O   ,THR,F,75,"[['Turn'], ['B-Strand']]",0.6478365380248323
25.252606241732757,2.1488161857171515,10.049152459416291, H   ,ALA,G,78, O   ,VAL,F,77,"[['B-Strand'], ['B-Strand']]",0.624406277995345
31.55850302216504,2.2668050202873666,8.882628563437152, H   ,LYS,G,80, O   ,GLN,F,79,"[['B-Strand'], ['B-Strand']]",0.6667279055206854
37.82643546516113,2.158612054075492,14.023080628086845, H   ,VAL,G,82, O   ,THR,F,81,"[['B-Strand'], ['B-Strand']]",0.7644513064937491
43.90016903156525,2.115160986780914,18.00128429020691, H   ,GLY,G,84, O   ,GLU,F,83,"[['B-Strand'], ['Misc']]",0.8771149525575311
46.156897263572645,2.070666317879341,22.928308233104474, H   ,GLY,G,86, O   ,ALA,F,85,"[['B-Strand', 'Turn'], ['Turn']]",0.8113263831529208
38.01997218568157,2.109434521382448,12.519274200285523, H   ,ALA,G,89, O   ,ILE,F,88,"[['B-Strand'], ['B-Strand']]",0.7069457263467968
33.6206172608416,2.2355923152489123,10.199685561010241, H   ,ALA,G,91, O   ,ALA,F,90,"[['B-Strand'], ['B-Strand']]",0.6411913910838167
30.881704956171056,2.2788519039200437,9.295022835634583, H   ,GLY,G,93, O   ,THR,F,92,"[['B-Strand'], ['A-Helix']]",0.6422547936761547
37.64766218505473,2.2102879902854293,13.27487025730808, H   ,LYS,G,96, O   ,VAL,F,95,"[['B-Strand'], ['B-Strand']]",0.8038613064453345
43.99784659503235,2.3420770696115016,11.728688990536142, H   ,ASP,G,98, O   ,LYS,F,97,"[['B-Strand'], ['A-Helix']]",1.05796188967278
34.373351596840244,2.0754108027087095,10.185764410413881, H   ,LEU,G,38, O   ,VAL,J,37,"[['B-Strand'], ['B-Strand']]",0.7454505483263124
29.137088701515804,2.076891186364849,11.8904672288961, H   ,VAL,G,40, O   ,TYR,J,39,"[['B-Strand'], ['B-Strand']]",0.7070984655619046
24.76020866228716,2.2701211421419796,8.520359806558417, H   ,SER,G,42, O   ,GLY,J,41,"[['B-Strand'], ['B-Strand']]",0.7388294796500745
20.14412792850562,2.1621688185708368,9.084108154809755, H   ,THR,G,44, O   ,LYS,J,43,"[['B-Strand'], ['B-Strand']]",0.7600695889193305
12.649759918670394,2.2795212216603744,1.2778182904168176, H   ,GLY,G,47, O   ,LYS,J,46,"[['B-Strand'], ['B-Strand']]",0.7005541378080641
9.292343192112526,2.194428627228509,3.5326862643398584, H   ,VAL,G,49, O   ,VAL,J,48,"[['B-Strand'], ['B-Strand']]",0.5887712628856813
12.189708158934732,2.040295321761048,9.49953484779111, H   ,GLY,G,51, O   ,HIS,J,50,"[['B-Strand'], ['A-Helix']]",0.5978209096376607
14.190489773083945,2.232373400665758,1.8667410425770044, H   ,VAL,G,52, O   ,GLY,J,51,"[['A-Helix'], ['B-Strand']]",0.6061437453277894
16.015968188030342,2.1374999415204647,3.9843193553231515, H   ,THR,G,54, O   ,ALA,J,53,"[['B-Strand'], ['B-Strand']]",0.6897644960419462
18.79713789383905,2.181497192297069,4.060502005840377, H   ,ALA,G,56, O   ,VAL,J,55,"[['B-Strand'], ['B-Strand']]",0.7536982154682337
23.772314590716654,2.1834330766020744,5.885548286059503, H   ,LYS,G,58, O   ,GLU,J,57,"[['B-Strand'], ['Turn']]",0.8509031084677032
26.367868514538674,2.210083708821907,8.002157862235705, H   ,GLN,G,62, O   ,GLU,J,61,"[['B-Strand'], ['B-Strand']]",0.7903605506349619
23.68542750300277,2.1396537102998683,10.373585921972548, H   ,THR,G,64, O   ,VAL,J,63,"[['B-Strand'], ['B-Strand']]",0.6408057427957399
25.768705244928395,2.0671610967701515,12.823242279850561, H   ,VAL,G,66, O   ,ASN,J,65,"[['B-Strand'], ['B-Strand']]",0.555177899416034
23.068499409367746,2.07795476370396,9.04577961585862, H   ,VAL,G,70, O   ,ALA,J,69,"[['B-Strand'], ['B-Strand']]",0.5775175322014043
18.132515241962434,2.147005822069425,8.355382358844665, H   ,THR,G,72, O   ,VAL,J,71,"[['B-Strand'], ['B-Strand']]",0.5925156031700769
22.761311934947862,2.20775655360821,5.430606374028088, H   ,VAL,G,77, O   ,ALA,J,76,"[['B-Strand'], ['B-Strand']]",0.6308102725859812
28.512992757688554,2.224059801354274,6.822116397593177, H   ,GLN,G,79, O   ,ALA,J,78,"[['B-Strand'], ['B-Strand']]",0.6413964920390507
34.91295703603463,2.237877789335248,7.851835895525753, H   ,THR,G,81, O   ,LYS,J,80,"[['B-Strand'], ['B-Strand']]",0.7096086949861874
41.06097861717375,1.9978773736143078,14.507876335920145, H   ,GLU,G,83, O   ,VAL,J,82,"[['B-Strand'], ['B-Strand']]",0.8392198400895918
40.95010744796648,2.0645340878755207,5.243956060344672, H   ,ILE,G,88, O   ,SER,J,87,"[['B-Strand', 'Turn'], ['B-Strand']]",0.7506354641235651
35.79873641624799,2.11600614365838,2.9722427747003195, H   ,ALA,G,90, O   ,ALA,J,89,"[['B-Strand'], ['B-Strand']]",0.6723615842684649
32.25267804384622,2.1456376674545927,2.3662478498245605, H   ,THR,G,92, O   ,ALA,J,91,"[['B-Strand'], ['B-Strand']]",0.6232184849633393
35.13748011739032,2.1758083555313408,7.818573183552658, H   ,VAL,G,95, O   ,PHE,J,94,"[['B-Strand'], ['B-Strand']]",0.7469856491258718
40.80647794162098,1.9955513022721314,13.119450565662817, H   ,LYS,G,97, O   ,LYS,J,96,"[['B-Strand'], ['B-Strand']]",0.917014776325878
37.485487565189814,2.2904573779051205,6.7725167331137754, H   ,VAL,H,37, O   ,GLY,E,36,"[['Misc'], ['B-Strand']]",0.794119915378024
31.721445695302098,2.081986791504693,3.842944664862941, H   ,TYR,H,39, O   ,LEU,E,38,"[['B-Strand'], ['B-Strand']]",0.7139168158826349
27.117819473549122,2.1141546774065505,2.5336555811880714, H   ,GLY,H,41, O   ,VAL,E,40,"[['B-Strand'], ['B-Strand']]",0.7139397313499228
22.823343861055942,2.1723627689683846,1.97860972400467, H   ,LYS,H,43, O   ,SER,E,42,"[['B-Strand'], ['B-Strand']]",0.7646360964537314
17.825855295048257,2.556267982821832,6.763389168772164, H   ,LYS,H,45, O   ,THR,E,44,"[['B-Strand'], ['A-Helix']]",0.7419234596641354
15.12418569708796,2.1154191074111046,11.138429204975836, H   ,LYS,H,46, O   ,LYS,E,45,"[['A-Helix'], ['B-Strand']]",0.7445073135973884
9.975843222505054,2.199594053456225,7.494791111030764, H   ,VAL,H,48, O   ,GLY,E,47,"[['B-Strand'], ['B-Strand']]",0.6306911288420031
9.785057843467252,2.132767216552244,8.85046092260663, H   ,HIS,H,50, O   ,VAL,E,49,"[['B-Strand'], ['B-Strand']]",0.5887712628856813
14.561722219572795,2.1593985273682113,8.583460397018513, H   ,ALA,H,53, O   ,VAL,E,52,"[['B-Strand'], ['B-Strand']]",0.645307988483019
17.05464640501233,2.056135209561861,12.529988890464665, H   ,VAL,H,55, O   ,THR,E,54,"[['B-Strand'], ['B-Strand']]",0.7204966342738873
20.845324895525135,2.1754323708173513,8.962259177348187, H   ,GLU,H,57, O   ,ALA,E,56,"[['B-Strand'], ['B-Strand']]",0.8148482680843103
27.54998847549668,2.2266057127385634,4.845501150630199, H   ,LYS,H,60, O   ,THR,E,59,"[['B-Strand'], ['A-Helix']]",0.8642650056550941
28.42905404687254,1.84484796121523,16.16444844260849, H   ,GLU,H,61, O   ,LYS,E,60,"[['A-Helix'], ['B-Strand']]",0.8608154854555069
25.086079426646165,2.1113157035365426,0.5877141408151374, H   ,VAL,H,63, O   ,GLN,E,62,"[['B-Strand'], ['B-Strand']]",0.6972955901194271
24.5394106693702,2.123084783987676,3.919174910023429, H   ,ASN,H,65, O   ,THR,E,64,"[['B-Strand'], ['B-Strand']]",0.5915983096662802
27.595325564305266,1.9726451784342767,9.05832863098206, H   ,GLY,H,67, O   ,VAL,E,66,"[['B-Strand'], ['A-Helix']]",0.5407240516196778
20.63417921798684,2.1004213862937124,2.9902361409277205, H   ,VAL,H,71, O   ,VAL,E,70,"[['B-Strand'], ['B-Strand']]",0.5851082122137751
16.31465430219102,2.2103757599105207,1.6016525433339837, H   ,GLY,H,73, O   ,THR,E,72,"[['B-Strand'], ['Misc']]",0.6017199514724436
18.25737311334793,1.8875812565291066,20.539001211351234, H   ,THR,H,75, O   ,VAL,E,74,"[['B-Strand', 'Turn'], ['Turn']]",0.6518649246584756
19.893113004253507,2.2933586723406374,8.233732793176543, H   ,ALA,H,76, O   ,THR,E,75,"[['Turn'], ['B-Strand']]",0.6478365380248323
25.246202902614883,2.1739857405236123,9.865012138534865, H   ,ALA,H,78, O   ,VAL,E,77,"[['B-Strand'], ['B-Strand']]",0.624406277995345
31.55325710604216,2.240709932142046,8.667850565603075, H   ,LYS,H,80, O   ,GLN,E,79,"[['B-Strand'], ['B-Strand']]",0.6667279055206854
37.82062443958323,2.075489339890713,13.887288975386099, H   ,VAL,H,82, O   ,THR,E,81,"[['B-Strand'], ['B-Strand']]",0.7644513064937491
43.89428373945747,1.9786917395087111,17.790653721361736, H   ,GLY,H,84, O   ,GLU,E,83,"[['B-Strand'], ['Misc']]",0.8771149525575311
46.14092197821799,1.8953113200738285,22.892776264426473, H   ,GLY,H,86, O   ,ALA,E,85,"[['B-Strand', 'Turn'], ['Turn']]",0.8113263831529208
38.00988134682875,1.9975137045837752,12.640834444157719, H   ,ALA,H,89, O   ,ILE,E,88,"[['B-Strand'], ['B-Strand']]",0.7069457263467968
33.61097596024251,2.146721686665509,10.258695739237353, H   ,ALA,H,91, O   ,ALA,E,90,"[['B-Strand'], ['B-Strand']]",0.6411913910838167
30.874492384491116,2.2073538456713253,9.365803607271005, H   ,GLY,H,93, O   ,THR,E,92,"[['B-Strand'], ['A-Helix']]",0.6422547936761547
37.64917073455935,2.09454195470036,13.287867767592147, H   ,LYS,H,96, O   ,VAL,E,95,"[['B-Strand'], ['B-Strand']]",0.8038613064453345
43.999480962847734,2.1876878205082204,11.73844311467623, H   ,ASP,H,98, O   ,LYS,E,97,"[['B-Strand'], ['A-Helix']]",1.05796188967278
34.358578390265215,2.072920886092855,9.953206651919572, H   ,LEU,H,38, O   ,VAL,I,37,"[['B-Strand'], ['B-Strand']]",0.7454505483263124
29.12089428571863,2.0369619534983956,11.657514549033493, H   ,VAL,H,40, O   ,TYR,I,39,"[['B-Strand'], ['B-Strand']]",0.7070984655619046
24.740848105915852,2.1929534878788455,8.314365771464551, H   ,SER,H,42, O   ,GLY,I,41,"[['B-Strand'], ['B-Strand']]",0.7388294796500745
20.11740922683634,2.0384440144384626,8.823529718220982, H   ,THR,H,44, O   ,LYS,I,43,"[['B-Strand'], ['B-Strand']]",0.7600695889193305
12.623420217991637,2.1299253508045766,1.2728970087128744, H   ,GLY,H,47, O   ,LYS,I,46,"[['B-Strand'], ['B-Strand']]",0.7005541378080641
9.281471973776574,2.0757694958737622,3.8279199331137477, H   ,VAL,H,49, O   ,VAL,I,48,"[['B-Strand'], ['B-Strand']]",0.5887712628856813
12.19877239725375,1.95766748964169,9.820160797082437, H   ,GLY,H,51, O   ,HIS,I,50,"[['B-Strand'], ['A-Helix']]",0.5978209096376607
14.201887550603969,2.1775784716055626,2.1017558991278094, H   ,VAL,H,52, O   ,GLY,I,51,"[['A-Helix'], ['B-Strand']]",0.6061437453277894
16.03928916754106,2.0972729912913106,4.234336756159948, H   ,THR,H,54, O   ,ALA,I,53,"[['B-Strand'], ['B-Strand']]",0.6897644960419462
18.82610541243196,2.144055503012923,4.313512620680669, H   ,ALA,H,56, O   ,VAL,I,55,"[['B-Strand'], ['B-Strand']]",0.7536982154682337
23.804278480979004,2.1623054825810373,6.057144245320359, H   ,LYS,H,58, O   ,GLU,I,57,"[['B-Strand'], ['Turn']]",0.8509031084677032
26.38912431286798,2.220899142239464,8.0348198912788, H   ,GLN,H,62, O   ,GLU,I,61,"[['B-Strand'], ['B-Strand']]",0.7903605506349619
23.700366094218882,2.1456833410361336,10.402158381721918, H   ,THR,H,64, O   ,VAL,I,63,"[['B-Strand'], ['B-Strand']]",0.6408057427957399
25.78092228761415,2.097654404328799,12.760183020938285, H   ,VAL,H,66, O   ,ASN,I,65,"[['B-Strand'], ['B-Strand']]",0.555177899416034
23.08355182808746,2.065274073821682,8.77862093859288, H   ,VAL,H,70, O   ,ALA,I,69,"[['B-Strand'], ['B-Strand']]",0.5775175322014043
18.14245851586824,2.084359374004398,8.188916456822355, H   ,THR,H,72, O   ,VAL,I,71,"[['B-Strand'], ['B-Strand']]",0.5925156031700769
22.756934437660973,2.1485215847181993,5.460300459469295, H   ,VAL,H,77, O   ,ALA,I,76,"[['B-Strand'], ['B-Strand']]",0.6308102725859812
28.514890460950397,2.218066274934097,6.766876906446257, H   ,GLN,H,79, O   ,ALA,I,78,"[['B-Strand'], ['B-Strand']]",0.6413964920390507
34.91531126884021,2.2836700724929653,7.866699623861251, H   ,THR,H,81, O   ,LYS,I,80,"[['B-Strand'], ['B-Strand']]",0.7096086949861874
41.06370491078466,2.103110791185289,14.551139906482803, H   ,GLU,H,83, O   ,VAL,I,82,"[['B-Strand'], ['B-Strand']]",0.8392198400895918
40.94915658472101,2.190731841189148,5.043610126221097, H   ,ILE,H,88, O   ,SER,I,87,"[['B-Strand', 'Turn'], ['B-Strand']]",0.7506354641235651
35.79877200407857,2.2032280862407325,2.782358997713601, H   ,ALA,H,90, O   ,ALA,I,89,"[['B-Strand'], ['B-Strand']]",0.6723615842684649
32.25508087108138,2.2132930217212503,2.360391308720196, H   ,THR,H,92, O   ,ALA,I,91,"[['B-Strand'], ['B-Strand']]",0.6232184849633393
35.148226043429275,2.265234204227018,7.961504800454449, H   ,VAL,H,95, O   ,PHE,I,94,"[['B-Strand'], ['B-Strand']]",0.7469856491258718
40.816330089805966,2.131073438434257,13.309029960551399, H   ,LYS,H,97, O   ,LYS,I,96,"[['B-Strand'], ['B-Strand']]",0.917014776325878
37.50617826438732,2.276345316510656,6.890263470065534, H   ,VAL,I,37, O   ,GLY,H,36,"[['Misc'], ['B-Strand']]",0.794119915378024
31.74362376919182,2.0297578673329504,3.689535434729166, H   ,TYR,I,39, O   ,LEU,H,38,"[['B-Strand'], ['B-Strand']]",0.7139168158826349
27.142108853219195,2.018907625425198,2.315524222320917, H   ,GLY,I,41, O   ,VAL,H,40,"[['B-Strand'], ['B-Strand']]",0.7139397313499228
22.848697555878324,2.0287133853750725,1.8106746337943065, H   ,LYS,I,43, O   ,SER,H,42,"[['B-Strand'], ['B-Strand']]",0.7646360964537314
17.853554408016347,2.377271755605569,6.986205618151075, H   ,LYS,I,45, O   ,THR,H,44,"[['B-Strand'], ['A-Helix']]",0.7419234596641354
15.152747935605607,1.9172902753626033,11.267753155373455, H   ,LYS,I,46, O   ,LYS,H,45,"[['A-Helix'], ['B-Strand']]",0.7445073135973884
10.000568483841306,2.0345549881976703,7.646203793416589, H   ,VAL,I,48, O   ,GLY,H,47,"[['B-Strand'], ['B-Strand']]",0.6306911288420031
9.789029829354897,2.0102586898207884,8.942301643982105, H   ,HIS,I,50, O   ,VAL,H,49,"[['B-Strand'], ['B-Strand']]",0.5887712628856813
14.552342560563917,2.097576935418577,8.513412777871267, H   ,ALA,I,53, O   ,VAL,H,52,"[['B-Strand'], ['B-Strand']]",0.645307988483019
17.03543157657005,2.006985052261228,12.468250934595687, H   ,VAL,I,55, O   ,THR,H,54,"[['B-Strand'], ['B-Strand']]",0.7204966342738873
20.82188545737393,2.131486101291776,8.824605421759713, H   ,GLU,I,57, O   ,ALA,H,56,"[['B-Strand'], ['B-Strand']]",0.8148482680843103
27.533434220961247,2.2023498813767093,4.9099087895993705, H   ,LYS,I,60, O   ,THR,H,59,"[['B-Strand'], ['A-Helix']]",0.8642650056550941
28.413565650935116,1.868006691636836,16.254555651107424, H   ,GLU,I,61, O   ,LYS,H,60,"[['A-Helix'], ['B-Strand']]",0.8608154854555069
25.077153686174196,2.1201988114325516,0.6993919670834998, H   ,VAL,I,63, O   ,GLN,H,62,"[['B-Strand'], ['B-Strand']]",0.6972955901194271
24.535196453258738,2.130060327784165,4.169108283287528, H   ,ASN,I,65, O   ,THR,H,64,"[['B-Strand'], ['B-Strand']]",0.5915983096662802
27.59507731462262,2.0019822676537373,9.369516641240622, H   ,GLY,I,67, O   ,VAL,H,66,"[['B-Strand'], ['A-Helix']]",0.5407240516196778
20.62992062515026,2.079030783802877,2.782739276398189, H   ,VAL,I,71, O   ,VAL,H,70,"[['B-Strand'], ['B-Strand']]",0.5851082122137751
16.3204872782647,2.1476205437646585,1.3923804709097425, H   ,GLY,I,73, O   ,THR,H,72,"[['B-Strand'], ['Misc']]",0.6017199514724436
18.274586862635225,1.78180498371735,20.725419003685417, H   ,THR,I,75, O   ,VAL,H,74,"[['B-Strand', 'Turn'], ['Turn']]",0.6518649246584756
19.904409084421474,2.211760384851846,8.425395261765232, H   ,ALA,I,76, O   ,THR,H,75,"[['Turn'], ['B-Strand']]",0.6478365380248323
25.25214543360623,2.1490507206671525,10.048304899572742, H   ,ALA,I,78, O   ,VAL,H,77,"[['B-Strand'], ['B-Strand']]",0.624406277995345
31.55948112691335,2.267226058424702,8.864144542068757, H   ,LYS,I,80, O   ,GLN,H,79,"[['B-Strand'], ['B-Strand']]",0.6667279055206854
37.825687832477016,2.1587396786087933,13.996571509480049, H   ,VAL,I,82, O   ,THR,H,81,"[['B-Strand'], ['B-Strand']]",0.7644513064937491
43.900172721755894,2.1151371113949105,18.004833234520234, H   ,GLY,I,84, O   ,GLU,H,83,"[['B-Strand'], ['Misc']]",0.8771149525575311
46.15562753337885,2.0707916360657825,22.920787328638923, H   ,GLY,I,86, O   ,ALA,H,85,"[['B-Strand', 'Turn'], ['Turn']]",0.8113263831529208
38.01951564657288,2.109526250132956,12.501896601511703, H   ,ALA,I,89, O   ,ILE,H,88,"[['B-Strand'], ['B-Strand']]",0.7069457263467968
33.62158867454065,2.2360270570813743,10.173351625400642, H   ,ALA,I,91, O   ,ALA,H,90,"[['B-Strand'], ['B-Strand']]",0.6411913910838167
30.88156448433272,2.2790256690085786,9.278535994115728, H   ,GLY,I,93, O   ,THR,H,92,"[['B-Strand'], ['A-Helix']]",0.6422547936761547
37.6461738427692,2.210446335019243,13.28786776759189, H   ,LYS,I,96, O   ,VAL,H,95,"[['B-Strand'], ['B-Strand']]",0.8038613064453345
43.99578794612048,2.3423229922450925,11.698375708805088, H   ,ASP,I,98, O   ,LYS,H,97,"[['B-Strand'], ['A-Helix']]",1.05796188967278
37.486067064977625,2.290019432231966,6.775413720864549, H   ,VAL,J,37, O   ,GLY,G,36,"[['Misc'], ['B-Strand']]",0.794119915378024
31.722769819169322,2.0816536695617716,3.851582022458146, H   ,TYR,J,39, O   ,LEU,G,38,"[['B-Strand'], ['B-Strand']]",0.7139168158826349
27.11762203807701,2.114325424337511,2.521908978175844, H   ,GLY,J,41, O   ,VAL,G,40,"[['B-Strand'], ['B-Strand']]",0.7139397313499228
22.821959184084086,2.1722985522252696,1.9909115459025628, H   ,LYS,J,43, O   ,SER,G,42,"[['B-Strand'], ['B-Strand']]",0.7646360964537314
17.82434304539721,2.5562405990047146,6.758312783534251, H   ,LYS,J,45, O   ,THR,G,44,"[['B-Strand'], ['A-Helix']]",0.7419234596641354
15.123317427072672,2.1159135143006154,11.129241799156546, H   ,LYS,J,46, O   ,LYS,G,45,"[['A-Helix'], ['B-Strand']]",0.7445073135973884
9.976434483321183,2.1996847501403405,7.514888956759037, H   ,VAL,J,48, O   ,GLY,G,47,"[['B-Strand'], ['B-Strand']]",0.6306911288420031
9.784433759804397,2.132736739496929,8.840795784568272, H   ,HIS,J,50, O   ,VAL,G,49,"[['B-Strand'], ['B-Strand']]",0.5887712628856813
14.561087493727932,2.159811797356427,8.609194140510084, H   ,ALA,J,53, O   ,VAL,G,52,"[['B-Strand'], ['B-Strand']]",0.645307988483019
17.054515706990923,2.0564294298613763,12.543203879257277, H   ,VAL,J,55, O   ,THR,G,54,"[['B-Strand'], ['B-Strand']]",0.7204966342738873
20.84356687325852,2.1761401609271376,8.953288863786199, H   ,GLU,J,57, O   ,ALA,G,56,"[['B-Strand'], ['B-Strand']]",0.8148482680843103
27.549992468238536,2.22665489018842,4.8508275147772935, H   ,LYS,J,60, O   ,THR,G,59,"[['B-Strand'], ['A-Helix']]",0.8642650056550941
28.43148123119863,1.8446866942654456,16.141158555532, H   ,GLU,J,61, O   ,LYS,G,60,"[['A-Helix'], ['B-Strand']]",0.8608154854555069
25.086710426040316,2.1113751443076128,0.58771414081518, H   ,VAL,J,63, O   ,GLN,G,62,"[['B-Strand'], ['B-Strand']]",0.6972955901194271
24.538855922801293,2.1228257111689555,3.8997074342607903, H   ,ASN,J,65, O   ,THR,G,64,"[['B-Strand'], ['B-Strand']]",0.5915983096662802
27.595683811060017,1.971625471533576,9.068218666672522, H   ,GLY,J,67, O   ,VAL,G,66,"[['B-Strand'], ['A-Helix']]",0.5407240516196778
20.632592178395814,2.1003354493985,2.9706340907210063, H   ,VAL,J,71, O   ,VAL,G,70,"[['B-Strand'], ['B-Strand']]",0.5851082122137751
16.315674733212845,2.2114133489693875,1.5797745295103027, H   ,GLY,J,73, O   ,THR,G,72,"[['B-Strand'], ['Misc']]",0.6017199514724436
18.25820412855547,1.8876935662336727,20.538800873134235, H   ,THR,J,75, O   ,VAL,G,74,"[['B-Strand', 'Turn'], ['Turn']]",0.6518649246584756
19.891637891335144,2.2945086620015163,8.190745612936084, H   ,ALA,J,76, O   ,THR,G,75,"[['Turn'], ['B-Strand']]",0.6478365380248323
25.24537844834179,2.173791848360828,9.866741123847149, H   ,ALA,J,78, O   ,VAL,G,77,"[['B-Strand'], ['B-Strand']]",0.624406277995345
31.553657236523314,2.240564437814721,8.652107288961489, H   ,LYS,J,80, O   ,GLN,G,79,"[['B-Strand'], ['B-Strand']]",0.6667279055206854
37.82176295467994,2.075249382604412,13.867947447178253, H   ,VAL,J,82, O   ,THR,G,81,"[['B-Strand'], ['B-Strand']]",0.7644513064937491
43.89463320270486,1.978888071620019,17.75365247665104, H   ,GLY,J,84, O   ,GLU,G,83,"[['B-Strand'], ['Misc']]",0.8771149525575311
46.14143582508026,1.8945294930404182,22.919354369042438, H   ,GLY,J,86, O   ,ALA,G,85,"[['B-Strand', 'Turn'], ['Turn']]",0.8113263831529208
38.00897426924331,1.9979254240336397,12.627001441357876, H   ,ALA,J,89, O   ,ILE,G,88,"[['B-Strand'], ['B-Strand']]",0.7069457263467968
33.61138314619022,2.146520440154252,10.236492643025827, H   ,ALA,J,91, O   ,ALA,G,90,"[['B-Strand'], ['B-Strand']]",0.6411913910838167
30.874202516016506,2.2075010758774276,9.35379860297131, H   ,GLY,J,93, O   ,THR,G,92,"[['B-Strand'], ['A-Helix']]",0.6422547936761547
37.648220900860636,2.095064676805944,13.304830368672853, H   ,LYS,J,96, O   ,VAL,G,95,"[['B-Strand'], ['B-Strand']]",0.8038613064453345
43.99906058088059,2.1879170459594643,11.734470298700316, H   ,ASP,J,98, O   ,LYS,G,97,"[['B-Strand'], ['A-Helix']]",1.05796188967278
