39.49478604828744,4.898140400689381,A,D, N   ,GLY,36,6ufr
39.250356902835925,4.900187783729666,A,D, CA  ,GLY,36,6ufr
38.2923686653098,4.897508992943458,A,D, C   ,GLY,36,6ufr
38.25368356119447,4.897376106844018,A,D, O   ,GLY,36,6ufr
37.517003411786504,4.895433756188052,A,D, N   ,VAL,37,6ufr
36.62596199419204,4.893081617591174,A,D, CA  ,VAL,37,6ufr
35.23456832430333,4.889520487730911,A,D, C   ,VAL,37,6ufr
35.066731726809095,4.889125954245561,A,D, O   ,VAL,37,6ufr
37.16885504020806,4.894516251562506,A,D, CB  ,VAL,37,6ufr
36.16266507048395,4.891877869166522,A,D, CG1 ,VAL,37,6ufr
38.38688079279169,4.897765785773822,A,D, CG2 ,VAL,37,6ufr
34.24475332076434,4.887034542628928,A,D, N   ,LEU,38,6ufr
32.842760693948975,4.883697491734571,A,D, CA  ,LEU,38,6ufr
32.196307490145514,4.882174663136714,A,D, C   ,LEU,38,6ufr
32.114035638642484,4.881968766210653,A,D, O   ,LEU,38,6ufr
32.195907643674225,4.882165725748296,A,D, CB  ,LEU,38,6ufr
30.695623205923024,4.878794422156898,A,D, CG  ,LEU,38,6ufr
30.23962045066042,4.8778331370533365,A,D, CD1 ,LEU,38,6ufr
30.394772001118877,4.878145782645705,A,D, CD2 ,LEU,38,6ufr
31.769639799657785,4.881239790978242,A,D, N   ,TYR,39,6ufr
31.34385370371678,4.880272460165711,A,D, CA  ,TYR,39,6ufr
29.969416694356934,4.877248570171575,A,D, C   ,TYR,39,6ufr
29.80017135856772,4.876933749528503,A,D, O   ,TYR,39,6ufr
32.380172405347075,4.882644815296515,A,D, CB  ,TYR,39,6ufr
32.12035647373796,4.882048800766958,A,D, CG  ,TYR,39,6ufr
32.808952512995596,4.883636130589355,A,D, CD1 ,TYR,39,6ufr
31.24220582801413,4.88005817763621,A,D, CD2 ,TYR,39,6ufr
32.64965563371228,4.883250605292705,A,D, CE1 ,TYR,39,6ufr
31.0887447800647,4.879729007125544,A,D, CE2 ,TYR,39,6ufr
31.809580600818993,4.881324282927611,A,D, CZ  ,TYR,39,6ufr
31.746460479870823,4.8811799118812536,A,D, OH  ,TYR,39,6ufr
29.010332814361163,4.875205939606342,A,D, N   ,VAL,40,6ufr
27.647965078826324,4.872468046203317,A,D, CA  ,VAL,40,6ufr
27.310520353885607,4.871796838596795,A,D, C   ,VAL,40,6ufr
27.27028045327,4.871698769788131,A,D, O   ,VAL,40,6ufr
26.67938893603075,4.870575452328588,A,D, CB  ,VAL,40,6ufr
25.30448175719076,4.868024620212769,A,D, CG1 ,VAL,40,6ufr
27.221761037816783,4.871618480628242,A,D, CG2 ,VAL,40,6ufr
27.090354685754857,4.8713797175470095,A,D, N   ,GLY,41,6ufr
26.789814482373707,4.870798755837296,A,D, CA  ,GLY,41,6ufr
25.582246343900295,4.86855427537925,A,D, C   ,GLY,41,6ufr
25.50220235587507,4.868439620597006,A,D, O   ,GLY,41,6ufr
24.65814058277712,4.866897846796485,A,D, N   ,SER,42,6ufr
23.380006180495332,4.864685790982768,A,D, CA  ,SER,42,6ufr
23.004129650999623,4.8640471463617345,A,D, C   ,SER,42,6ufr
22.969576073580463,4.863982746689203,A,D, O   ,SER,42,6ufr
22.339538133094873,4.862956548972301,A,D, CB  ,SER,42,6ufr
21.00407698519504,4.860892845258146,A,D, OG  ,SER,42,6ufr
22.7541421503866,4.863670235419989,A,D, N   ,LYS,43,6ufr
22.360165473448536,4.863025377035586,A,D, CA  ,LYS,43,6ufr
21.021524445196643,4.860943574012348,A,D, C   ,LYS,43,6ufr
20.89128047774956,4.860795083597576,A,D, O   ,LYS,43,6ufr
23.42309633673567,4.864790905875766,A,D, CB  ,LYS,43,6ufr
24.718664789992197,4.867026551512899,A,D, CG  ,LYS,43,6ufr
25.550172073784555,4.868547265293103,A,D, CD  ,LYS,43,6ufr
26.891122735951356,4.871053583586756,A,D, CE  ,LYS,43,6ufr
27.610212621419635,4.872466818784396,A,D, NZ  ,LYS,43,6ufr
20.062191630028856,4.859520229533851,A,D, N   ,THR,44,6ufr
18.775807652402065,4.857745336082994,A,D, CA  ,THR,44,6ufr
18.308996285979195,4.857134294785902,A,D, C   ,THR,44,6ufr
18.344229964760036,4.857159106960532,A,D, O   ,THR,44,6ufr
17.76366417719047,4.856415482628318,A,D, CB  ,THR,44,6ufr
16.607865666605086,4.854976820969264,A,D, OG1 ,THR,44,6ufr
17.3581846113008,4.855879561200222,A,D, CG2 ,THR,44,6ufr
17.865116904179498,4.856566351901293,A,D, N   ,LYS,45,6ufr
17.42660884968731,4.85602016542898,A,D, CA  ,LYS,45,6ufr
16.00321773894238,4.85428883832608,A,D, C   ,LYS,45,6ufr
15.788125791239441,4.854043531538382,A,D, O   ,LYS,45,6ufr
17.619880816850042,4.856270837806551,A,D, CB  ,LYS,45,6ufr
18.316687173176266,4.857173374681834,A,D, CG  ,LYS,45,6ufr
18.543478530200314,4.857504850565498,A,D, CD  ,LYS,45,6ufr
19.266002309768368,4.858487858590271,A,D, CE  ,LYS,45,6ufr
19.78821379003168,4.859262306061476,A,D, NZ  ,LYS,45,6ufr
15.027602669754081,4.853196757271665,A,D, N   ,LYS,46,6ufr
13.638061005876164,4.851766457937149,A,D, CA  ,LYS,46,6ufr
13.054055040484547,4.8511967349104586,A,D, C   ,LYS,46,6ufr
13.027304018867449,4.851182060733386,A,D, O   ,LYS,46,6ufr
12.897101728683078,4.851072660064247,A,D, CB  ,LYS,46,6ufr
11.476443220789271,4.849831380850792,A,D, CG  ,LYS,46,6ufr
10.991795531213269,4.84945554490315,A,D, CD  ,LYS,46,6ufr
9.582589890003641,4.848419527651259,A,D, CE  ,LYS,46,6ufr
9.43692630044338,4.848321594243873,A,D, NZ  ,LYS,46,6ufr
12.602209052384428,4.850777801633976,A,D, N   ,GLY,47,6ufr
12.08331978390045,4.850309250879568,A,D, CA  ,GLY,47,6ufr
10.838952209508076,4.849274907757622,A,D, C   ,GLY,47,6ufr
10.721461560813433,4.849191979409886,A,D, O   ,GLY,47,6ufr
9.941026556648966,4.848598568374858,A,D, N   ,VAL,48,6ufr
8.814621716216754,4.847844521422498,A,D, CA  ,VAL,48,6ufr
9.105040636921947,4.8480204570887135,A,D, C   ,VAL,48,6ufr
9.14185303972887,4.848046412640413,A,D, O   ,VAL,48,6ufr
7.468207884091068,4.847060576634259,A,D, CB  ,VAL,48,6ufr
6.355445617736022,4.846516579288793,A,D, CG1 ,VAL,48,6ufr
7.641556451404386,4.847173795248986,A,D, CG2 ,VAL,48,6ufr
9.439364915077709,4.8482409126362045,A,D, N   ,VAL,49,6ufr
10.228331633262583,4.848790421533389,A,D, CA  ,VAL,49,6ufr
9.876821857257527,4.848538211050003,A,D, C   ,VAL,49,6ufr
9.855017858938664,4.848540711143174,A,D, O   ,VAL,49,6ufr
11.711243486496214,4.849951416267856,A,D, CB  ,VAL,49,6ufr
12.5826987566261,4.85070842530825,A,D, CG1 ,VAL,49,6ufr
12.269595144095016,4.850439488856898,A,D, CG2 ,VAL,49,6ufr
9.832794567161464,4.848505609896985,A,D, N   ,HIS,50,6ufr
10.012711321115775,4.848628281757906,A,D, CA  ,HIS,50,6ufr
11.388754541213013,4.849683341574984,A,D, C   ,HIS,50,6ufr
11.599141778597243,4.849846766923022,A,D, O   ,HIS,50,6ufr
9.016389188583199,4.847954822232991,A,D, CB  ,HIS,50,6ufr
7.605038461441205,4.847125630323157,A,D, CG  ,HIS,50,6ufr
7.119821416299709,4.846889259894604,A,D, ND1 ,HIS,50,6ufr
6.6485237459153295,4.846634311774617,A,D, CD2 ,HIS,50,6ufr
5.833354095201148,4.8463046928453,A,D, CE1 ,HIS,50,6ufr
5.530661081642953,4.84616498362532,A,D, NE2 ,HIS,50,6ufr
12.31830852836541,4.850480182257224,A,D, N   ,GLY,51,6ufr
13.680412639975449,4.851751527833408,A,D, CA  ,GLY,51,6ufr
14.111816785942198,4.852175482313148,A,D, C   ,GLY,51,6ufr
14.145442375549802,4.852203040367155,A,D, O   ,GLY,51,6ufr
14.394299774563542,4.852469718266708,A,D, N   ,VAL,52,6ufr
15.174268252538573,4.853300536391663,A,D, CA  ,VAL,52,6ufr
14.713442595123684,4.85281484751895,A,D, C   ,VAL,52,6ufr
14.67845938782405,4.8527967470146125,A,D, O   ,VAL,52,6ufr
16.65895951132603,4.855002238557994,A,D, CB  ,VAL,52,6ufr
17.460188372408815,4.855970766440016,A,D, CG1 ,VAL,52,6ufr
17.30152299654571,4.8557633300497205,A,D, CG2 ,VAL,52,6ufr
14.503896441991028,4.852593161787723,A,D, N   ,ALA,53,6ufr
14.274882311248664,4.852365897936809,A,D, CA  ,ALA,53,6ufr
15.321371479081106,4.853474732279028,A,D, C   ,ALA,53,6ufr
15.413550564357324,4.853558041380898,A,D, O   ,ALA,53,6ufr
12.885679687156593,4.851015845394043,A,D, CB  ,ALA,53,6ufr
16.088203442274093,4.854356707838849,A,D, N   ,THR,54,6ufr
17.174220797462688,4.85565077960381,A,D, CA  ,THR,54,6ufr
17.000846361284488,4.855460664273492,A,D, C   ,THR,54,6ufr
16.980380001637183,4.855453089892026,A,D, O   ,THR,54,6ufr
18.519447615952263,4.857394353600394,A,D, CB  ,THR,54,6ufr
18.78329057966149,4.857711597132854,A,D, OG1 ,THR,54,6ufr
19.697785484668067,4.858996176031281,A,D, CG2 ,THR,54,6ufr
16.949373144750812,4.855386727426557,A,D, N   ,VAL,55,6ufr
16.83231469525211,4.855258832240691,A,D, CA  ,VAL,55,6ufr
17.99788557025519,4.85670129604171,A,D, C   ,VAL,55,6ufr
18.08613139950056,4.856792910296148,A,D, O   ,VAL,55,6ufr
15.503168837369993,4.853701906929447,A,D, CB  ,VAL,55,6ufr
15.633079958856475,4.853891124460677,A,D, CG1 ,VAL,55,6ufr
14.356420863153879,4.852492348552585,A,D, CG2 ,VAL,55,6ufr
18.876863007396118,4.857898414044142,A,D, N   ,ALA,56,6ufr
20.094972629988824,4.8595940998446885,A,D, CA  ,ALA,56,6ufr
20.440975735027916,4.860130730338101,A,D, C   ,ALA,56,6ufr
20.471390035852473,4.860214002227838,A,D, O   ,ALA,56,6ufr
21.30223054048566,4.861387011480929,A,D, CB  ,ALA,56,6ufr
20.846076369427415,4.860715181983087,A,D, N   ,GLU,57,6ufr
21.43724128706863,4.861637755303346,A,D, CA  ,GLU,57,6ufr
22.78984214513124,4.863761140485181,A,D, C   ,GLU,57,6ufr
22.874255507010496,4.863886701532248,A,D, O   ,GLU,57,6ufr
20.59352179691468,4.860357183907082,A,D, CB  ,GLU,57,6ufr
21.19690543452039,4.861305121506583,A,D, CG  ,GLU,57,6ufr
20.812225301490468,4.860721065016995,A,D, CD  ,GLU,57,6ufr
19.971775209029364,4.859449833163404,A,D, OE1 ,GLU,57,6ufr
21.386094196930866,4.861603589444512,A,D, OE2 ,GLU,57,6ufr
23.840907470144675,4.86555140374632,A,D, N   ,LYS,58,6ufr
25.219044906578045,4.867982113050418,A,D, CA  ,LYS,58,6ufr
25.67191977628475,4.8687561172003155,A,D, C   ,LYS,58,6ufr
26.416406966126186,4.870116760267791,A,D, O   ,LYS,58,6ufr
25.4743451338793,4.868432786634669,A,D, CB  ,LYS,58,6ufr
25.588804114299673,4.868668773762411,A,D, CG  ,LYS,58,6ufr
25.73230640653884,4.868905285577847,A,D, CD  ,LYS,58,6ufr
25.880491687755853,4.8692302715796325,A,D, CE  ,LYS,58,6ufr
26.12012251119814,4.8696694051176195,A,D, NZ  ,LYS,58,6ufr
25.311088676704525,4.868108093797339,A,D, N   ,THR,59,6ufr
25.633523460499923,4.868644230478447,A,D, CA  ,THR,59,6ufr
26.7140259975916,4.870688376385963,A,D, C   ,THR,59,6ufr
26.788223252018785,4.870886398820373,A,D, O   ,THR,59,6ufr
24.392151278638792,4.866425139076882,A,D, CB  ,THR,59,6ufr
23.45726906525992,4.864809953876635,A,D, OG1 ,THR,59,6ufr
24.759993073504685,4.8670534530774905,A,D, CG2 ,THR,59,6ufr
27.56800654744554,4.872349059921127,A,D, N   ,LYS,60,6ufr
28.687101805515315,4.874617735663675,A,D, CA  ,LYS,60,6ufr
28.508205836214948,4.874246564981919,A,D, C   ,LYS,60,6ufr
28.458163978022196,4.874165946974124,A,D, O   ,LYS,60,6ufr
29.96357436955745,4.877280779708842,A,D, CB  ,LYS,60,6ufr
31.16711706269927,4.879910630776242,A,D, CG  ,LYS,60,6ufr
32.429928892922355,4.882783319845064,A,D, CD  ,LYS,60,6ufr
33.61807081020563,4.885594391974432,A,D, CE  ,LYS,60,6ufr
33.47151054254946,4.885275296155833,A,D, NZ  ,LYS,60,6ufr
28.436540155229853,4.874062662107029,A,D, N   ,GLU,61,6ufr
28.444382573717434,4.874074010797918,A,D, CA  ,GLU,61,6ufr
27.249531445512968,4.871685808380279,A,D, C   ,GLU,61,6ufr
27.1921167988077,4.8715566327876925,A,D, O   ,GLU,61,6ufr
29.731329015030592,4.876759208094953,A,D, CB  ,GLU,61,6ufr
30.972459637555424,4.8794673722189135,A,D, CG  ,GLU,61,6ufr
32.034241586152774,4.881842694074321,A,D, CD  ,GLU,61,6ufr
31.82743484794211,4.881353111482892,A,D, OE1 ,GLU,61,6ufr
33.111631626967586,4.884371179900838,A,D, OE2 ,GLU,61,6ufr
26.32703973104458,4.869919344527279,A,D, N   ,GLN,62,6ufr
25.164461150598875,4.8677648897635875,A,D, CA  ,GLN,62,6ufr
25.146528189791926,4.867745665377844,A,D, C   ,GLN,62,6ufr
25.14681047369626,4.867761337677059,A,D, O   ,GLN,62,6ufr
23.881281079540102,4.865529409791007,A,D, CB  ,GLN,62,6ufr
22.673962269528456,4.863489800033252,A,D, CG  ,GLN,62,6ufr
21.38609230317685,4.861462546590096,A,D, CD  ,GLN,62,6ufr
21.030885668463892,4.860945442433133,A,D, OE1 ,GLN,62,6ufr
20.69260797966269,4.86039930945537,A,D, NE2 ,GLN,62,6ufr
25.166879524486145,4.867761113165877,A,D, N   ,VAL,63,6ufr
25.40896552400353,4.868200056012718,A,D, CA  ,VAL,63,6ufr
24.42968133234652,4.866439147690395,A,D, C   ,VAL,63,6ufr
24.35080039752287,4.866279322887497,A,D, O   ,VAL,63,6ufr
26.84214367370833,4.870877801410145,A,D, CB  ,VAL,63,6ufr
27.212416026512606,4.871591239217255,A,D, CG1 ,VAL,63,6ufr
27.84086913154832,4.872847070314711,A,D, CG2 ,VAL,63,6ufr
23.76688462966907,4.86530039736704,A,D, N   ,THR,64,6ufr
23.15917170366851,4.86426769291422,A,D, CA  ,THR,64,6ufr
24.002523721475622,4.865700852143098,A,D, C   ,THR,64,6ufr
24.08742119862564,4.865860093426018,A,D, O   ,THR,64,6ufr
21.684428376141252,4.861899277894051,A,D, CB  ,THR,64,6ufr
20.8940077534206,4.860686059476552,A,D, OG1 ,THR,64,6ufr
21.269310896218524,4.861268048192911,A,D, CG2 ,THR,64,6ufr
24.67867622057553,4.866884153141919,A,D, N   ,ASN,65,6ufr
25.768366673112986,4.868845511084489,A,D, CA  ,ASN,65,6ufr
25.67621518059077,4.8686643008216155,A,D, C   ,ASN,65,6ufr
25.67857575879161,4.86865823842914,A,D, O   ,ASN,65,6ufr
27.111451547270573,4.871386837599374,A,D, CB  ,ASN,65,6ufr
28.276330826328937,4.873713966125063,A,D, CG  ,ASN,65,6ufr
28.511315315151634,4.874187868038402,A,D, OD1 ,ASN,65,6ufr
29.036036936882418,4.875246113395111,A,D, ND2 ,ASN,65,6ufr
25.693151869710338,4.868713793179344,A,D, N   ,VAL,66,6ufr
25.64456209413606,4.868602452095945,A,D, CA  ,VAL,66,6ufr
26.915663135059482,4.870996644732083,A,D, C   ,VAL,66,6ufr
27.110480814622232,4.871392667066701,A,D, O   ,VAL,66,6ufr
24.41093035916493,4.866401815019341,A,D, CB  ,VAL,66,6ufr
24.43331107320496,4.866420454972372,A,D, CG1 ,VAL,66,6ufr
23.149575546864785,4.864233441052265,A,D, CG2 ,VAL,66,6ufr
27.748736655927242,4.872627313567926,A,D, N   ,GLY,67,6ufr
29.033002634932544,4.875238433771585,A,D, CA  ,GLY,67,6ufr
28.98228985087272,4.875121361832211,A,D, C   ,GLY,67,6ufr
29.758231163830956,4.876783392301026,A,D, O   ,GLY,67,6ufr
28.12977497243801,4.873369320768922,A,D, N   ,GLY,68,6ufr
28.08669046007379,4.873300279784136,A,D, CA  ,GLY,68,6ufr
27.047233444476348,4.8712633671159615,A,D, C   ,GLY,68,6ufr
26.89880131158264,4.870984824869278,A,D, O   ,GLY,68,6ufr
26.368565319334305,4.86996680746285,A,D, N   ,ALA,69,6ufr
25.34616412793068,4.868069795451467,A,D, CA  ,ALA,69,6ufr
23.959611223890924,4.865614791004674,A,D, C   ,ALA,69,6ufr
23.797294972328263,4.865323621253078,A,D, O   ,ALA,69,6ufr
25.599561500150738,4.868533478184506,A,D, CB  ,ALA,69,6ufr
22.95604715537934,4.863955988429179,A,D, N   ,VAL,70,6ufr
21.562042227024786,4.861716869039215,A,D, CA  ,VAL,70,6ufr
20.959453833532972,4.860805729194005,A,D, C   ,VAL,70,6ufr
20.905867429982425,4.860739655934947,A,D, O   ,VAL,70,6ufr
20.87331315340236,4.860682330014786,A,D, CB  ,VAL,70,6ufr
19.39107444160844,4.858550439207189,A,D, CG1 ,VAL,70,6ufr
21.452008250977343,4.861555335085282,A,D, CG2 ,VAL,70,6ufr
20.627326462729,4.860311619158036,A,D, N   ,VAL,71,6ufr
20.29619444625026,4.859804408996415,A,D, CA  ,VAL,71,6ufr
18.99119817178474,4.857964469862091,A,D, C   ,VAL,71,6ufr
18.873793153470768,4.857807104472811,A,D, O   ,VAL,71,6ufr
21.451806870284845,4.861533192351854,A,D, CB  ,VAL,71,6ufr
21.313039248309945,4.861340361268413,A,D, CG1 ,VAL,71,6ufr
22.739907343698654,4.863579855666911,A,D, CG2 ,VAL,71,6ufr
18.034635371972453,4.856707586689296,A,D, N   ,THR,72,6ufr
16.729114800251686,4.855085827042669,A,D, CA  ,THR,72,6ufr
16.412023062377166,4.854715138420584,A,D, C   ,THR,72,6ufr
16.387821362218958,4.854689623625851,A,D, O   ,THR,72,6ufr
15.670457555540617,4.853858653478815,A,D, CB  ,THR,72,6ufr
16.27073624640262,4.854534976500363,A,D, OG1 ,THR,72,6ufr
14.433753115527507,4.852516530572466,A,D, CG2 ,THR,72,6ufr
16.18079506699223,4.854424353909236,A,D, N   ,GLY,73,6ufr
15.738122156089652,4.853929666964648,A,D, CA  ,GLY,73,6ufr
15.859837641035295,4.854062934047123,A,D, C   ,GLY,73,6ufr
16.247813391345925,4.854495091714947,A,D, O   ,GLY,73,6ufr
15.574362137821247,4.853733853521103,A,D, N   ,VAL,74,6ufr
16.217253589926997,4.854464432561347,A,D, CA  ,VAL,74,6ufr
17.700390108695345,4.856272147538292,A,D, C   ,VAL,74,6ufr
18.112912327949914,4.856810580790998,A,D, O   ,VAL,74,6ufr
15.773448132859219,4.85396753866875,A,D, CB  ,VAL,74,6ufr
16.22211854228664,4.854484825949628,A,D, CG1 ,VAL,74,6ufr
14.303650023682767,4.8523919902451205,A,D, CG2 ,VAL,74,6ufr
18.508606700667666,4.857314481298568,A,D, N   ,THR,75,6ufr
19.914073666630845,4.859249647947503,A,D, CA  ,THR,75,6ufr
20.11856774226237,4.85954882670333,A,D, C   ,THR,75,6ufr
20.118608152653103,4.859543259042506,A,D, O   ,THR,75,6ufr
20.704515377086228,4.860408841313641,A,D, CB  ,THR,75,6ufr
20.586126031869135,4.860237548159781,A,D, OG1 ,THR,75,6ufr
22.16325077690545,4.862640397205951,A,D, CG2 ,THR,75,6ufr
20.109349193845137,4.859526194688036,A,D, N   ,ALA,76,6ufr
20.519397457040498,4.860126660696936,A,D, CA  ,ALA,76,6ufr
21.838882411881794,4.8621208588599085,A,D, C   ,ALA,76,6ufr
21.932187898155533,4.86227300836999,A,D, O   ,ALA,76,6ufr
19.502297633868682,4.858657236384956,A,D, CB  ,ALA,76,6ufr
22.842207467755824,4.863731112532593,A,D, N   ,VAL,77,6ufr
24.1910033690213,4.865992911474327,A,D, CA  ,VAL,77,6ufr
24.764257247089,4.86699882359837,A,D, C   ,VAL,77,6ufr
24.810435747886412,4.8670808860761685,A,D, O   ,VAL,77,6ufr
25.173577417601972,4.867740580661205,A,D, CB  ,VAL,77,6ufr
26.522896316201972,4.870244205533071,A,D, CG1 ,VAL,77,6ufr
24.734656900794075,4.8669534163652415,A,D, CG2 ,VAL,77,6ufr
25.315633292493395,4.867983715976384,A,D, N   ,ALA,78,6ufr
26.12771756200683,4.869486803701259,A,D, CA  ,ALA,78,6ufr
27.4817320050975,4.872075258087795,A,D, C   ,ALA,78,6ufr
27.554343577737434,4.8722184065004335,A,D, O   ,ALA,78,6ufr
25.511137665733372,4.868354125695604,A,D, CB  ,ALA,78,6ufr
28.553983837636387,4.87424442622947,A,D, N   ,GLN,79,6ufr
29.913215557676175,4.877075255058807,A,D, CA  ,GLN,79,6ufr
30.793596249869875,4.879002499818456,A,D, C   ,GLN,79,6ufr
30.827760087297943,4.8790798794974215,A,D, O   ,GLN,79,6ufr
30.57002847561644,4.878499018856497,A,D, CB  ,GLN,79,6ufr
32.01697605958439,4.88172314923244,A,D, CG  ,GLN,79,6ufr
32.70686328586097,4.8833280211439085,A,D, CD  ,GLN,79,6ufr
32.98421308747565,4.88398934194107,A,D, OE1 ,GLN,79,6ufr
33.02018976323425,4.884061982425663,A,D, NE2 ,GLN,79,6ufr
31.565419765940067,4.880706227181525,A,D, N   ,LYS,80,6ufr
32.52883792882863,4.88291604192809,A,D, CA  ,LYS,80,6ufr
33.86728028643576,4.886091279043973,A,D, C   ,LYS,80,6ufr
33.91849762297853,4.886214816351153,A,D, O   ,LYS,80,6ufr
32.07546816493876,4.881869518010106,A,D, CB  ,LYS,80,6ufr
33.080320872083455,4.884200394089509,A,D, CG  ,LYS,80,6ufr
32.74185190241994,4.883410136911089,A,D, CD  ,LYS,80,6ufr
33.66736343998443,4.885615271808758,A,D, CE  ,LYS,80,6ufr
33.62572886942378,4.885516070631013,A,D, NZ  ,LYS,80,6ufr
34.95103228804551,4.888739414389306,A,D, N   ,THR,81,6ufr
36.312452203066655,4.892221877191133,A,D, CA  ,THR,81,6ufr
37.17728329235475,4.894482865744932,A,D, C   ,THR,81,6ufr
37.2733322497466,4.894732810922104,A,D, O   ,THR,81,6ufr
36.99160289849576,4.8939709928077875,A,D, CB  ,THR,81,6ufr
36.306219246845295,4.892185266801742,A,D, OG1 ,THR,81,6ufr
38.41111324864199,4.8977650233441015,A,D, CG2 ,THR,81,6ufr
37.8849965685626,4.896346164383635,A,D, N   ,VAL,82,6ufr
38.856299206177624,4.89900283570947,A,D, CA  ,VAL,82,6ufr
40.2290168535101,4.9028776526148015,A,D, C   ,VAL,82,6ufr
40.43581494170731,4.9034934273510595,A,D, O   ,VAL,82,6ufr
38.50863935534466,4.898063046965988,A,D, CB  ,VAL,82,6ufr
39.4812392156072,4.900758178523688,A,D, CG1 ,VAL,82,6ufr
37.11068703217444,4.894286949634512,A,D, CG2 ,VAL,82,6ufr
41.17314369828954,4.9056229579090544,A,D, N   ,GLU,83,6ufr
42.537916004430684,4.9096762920446855,A,D, CA  ,GLU,83,6ufr
43.564401178026074,4.912803722899093,A,D, C   ,GLU,83,6ufr
43.85203417174624,4.913692721534712,A,D, O   ,GLU,83,6ufr
42.93555435766493,4.9108688853922695,A,D, CB  ,GLU,83,6ufr
42.147045649724966,4.908503300909771,A,D, CG  ,GLU,83,6ufr
42.84350709267392,4.910593269536365,A,D, CD  ,GLU,83,6ufr
44.06481737168554,4.914355782009925,A,D, OE1 ,GLU,83,6ufr
42.188312895872,4.908615277803947,A,D, OE2 ,GLU,83,6ufr
44.115063470429234,4.9145348555266395,A,D, N   ,GLY,84,6ufr
45.15346276865153,4.917807320490452,A,D, CA  ,GLY,84,6ufr
45.37535592146909,4.9185213525409575,A,D, C   ,GLY,84,6ufr
44.45685776120485,4.915594092349841,A,D, O   ,GLY,84,6ufr
46.587302443906324,4.922472899862333,A,D, N   ,ALA,85,6ufr
46.88841026309167,4.9234694791605795,A,D, CA  ,ALA,85,6ufr
46.45278523404167,4.922029581872567,A,D, C   ,ALA,85,6ufr
46.36019596593613,4.921731715217505,A,D, O   ,ALA,85,6ufr
48.3829325795781,4.928510152091284,A,D, CB  ,ALA,85,6ufr
46.164360712567,4.921076176259703,A,D, N   ,GLY,86,6ufr
45.86277237586057,4.920101523705012,A,D, CA  ,GLY,86,6ufr
44.68657880169391,4.916333663728896,A,D, C   ,GLY,86,6ufr
44.81941299258615,4.916753281304862,A,D, O   ,GLY,86,6ufr
43.54617801828307,4.912742914123606,A,D, N   ,SER,87,6ufr
42.338193596326235,4.909038671016081,A,D, CA  ,SER,87,6ufr
41.54953502748256,4.906712087946085,A,D, C   ,SER,87,6ufr
41.466188985726674,4.906473414004882,A,D, O   ,SER,87,6ufr
41.49713419020644,4.906560349377949,A,D, CB  ,SER,87,6ufr
40.29624759205254,4.903087561392926,A,D, OG  ,SER,87,6ufr
40.956370554530345,4.904980080472717,A,D, N   ,ILE,88,6ufr
40.28624183266541,4.903053453633625,A,D, CA  ,ILE,88,6ufr
38.872598318095484,4.899051015930366,A,D, C   ,ILE,88,6ufr
38.67755858375758,4.898528019642419,A,D, O   ,ILE,88,6ufr
41.065826729776184,4.9052708035313355,A,D, CB  ,ILE,88,6ufr
42.434898774475705,4.909356750240994,A,D, CG1 ,ILE,88,6ufr
40.32878283558779,4.903170975766252,A,D, CG2 ,ILE,88,6ufr
43.282924496849795,4.911925458933858,A,D, CD1 ,ILE,88,6ufr
37.8916095857645,4.896395373479478,A,D, N   ,ALA,89,6ufr
36.50362016293727,4.8926905281709585,A,D, CA  ,ALA,89,6ufr
36.108349463801304,4.891689483735606,A,D, C   ,ALA,89,6ufr
36.0813059630607,4.891615038574174,A,D, O   ,ALA,89,6ufr
35.620120269308465,4.890445689586412,A,D, CB  ,ALA,89,6ufr
35.844506203880115,4.891007800410784,A,D, N   ,ALA,90,6ufr
35.64802015540274,4.890502920238232,A,D, CA  ,ALA,90,6ufr
34.45310241473183,4.887523347288329,A,D, C   ,ALA,90,6ufr
34.37282557486365,4.887321724641053,A,D, O   ,ALA,90,6ufr
36.90815338106202,4.893755872305346,A,D, CB  ,ALA,90,6ufr
33.558846017108515,4.885343804100479,A,D, N   ,ALA,91,6ufr
32.39244191165587,4.8826029914717815,A,D, CA  ,ALA,91,6ufr
32.369109718989804,4.882546873432408,A,D, C   ,ALA,91,6ufr
32.370974158959136,4.882555002580218,A,D, O   ,ALA,91,6ufr
31.112911339185217,4.879688040744974,A,D, CB  ,ALA,91,6ufr
32.33577803300857,4.882461123898159,A,D, N   ,THR,92,6ufr
32.494553543632506,4.882825133306952,A,D, CA  ,THR,92,6ufr
31.548291395890207,4.880669715660515,A,D, C   ,THR,92,6ufr
31.49946140809395,4.880563379468596,A,D, O   ,THR,92,6ufr
33.92989622736857,4.886237721286433,A,D, CB  ,THR,92,6ufr
34.84616549923391,4.888476301292106,A,D, OG1 ,THR,92,6ufr
34.27661618363166,4.887084341139487,A,D, CG2 ,THR,92,6ufr
30.8775477005542,4.879180855394158,A,D, N   ,GLY,93,6ufr
30.09632392834713,4.877477310074176,A,D, CA  ,GLY,93,6ufr
30.921129927607755,4.87927586050903,A,D, C   ,GLY,93,6ufr
30.775627255995936,4.8789866501536565,A,D, O   ,GLY,93,6ufr
31.85955963286373,4.881393259818803,A,D, N   ,PHE,94,6ufr
32.80357616175407,4.883573528921898,A,D, CA  ,PHE,94,6ufr
34.13581733311801,4.886744259337245,A,D, C   ,PHE,94,6ufr
34.20675624785256,4.886896222650929,A,D, O   ,PHE,94,6ufr
32.32476822809407,4.882466438079777,A,D, CB  ,PHE,94,6ufr
32.23497239024721,4.882254852932184,A,D, CG  ,PHE,94,6ufr
33.37370659666079,4.8849118337615085,A,D, CD1 ,PHE,94,6ufr
31.016512537679024,4.879490886533163,A,D, CD2 ,PHE,94,6ufr
33.31617182390558,4.884764661617856,A,D, CE1 ,PHE,94,6ufr
30.959325897054025,4.879358583356503,A,D, CE2 ,PHE,94,6ufr
32.12110300098675,4.8819749070684235,A,D, CZ  ,PHE,94,6ufr
35.19483780329155,4.889376111978863,A,D, N   ,VAL,95,6ufr
36.56045563173413,4.892864123523589,A,D, CA  ,VAL,95,6ufr
37.1922392173421,4.894539659050675,A,D, C   ,VAL,95,6ufr
37.24874368351233,4.894713929065012,A,D, O   ,VAL,95,6ufr
37.44733268204826,4.895203682554653,A,D, CB  ,VAL,95,6ufr
38.74181461934895,4.898696113718122,A,D, CG1 ,VAL,95,6ufr
36.802560631021315,4.8935079467377545,A,D, CG2 ,VAL,95,6ufr
37.72927863079283,4.895959553882522,A,D, N   ,LYS,96,6ufr
38.54122137400422,4.898159317026055,A,D, CA  ,LYS,96,6ufr
39.94562805864992,4.902087409982749,A,D, C   ,LYS,96,6ufr
40.13991529637301,4.902627389636357,A,D, O   ,LYS,96,6ufr
37.989509565141795,4.896657687117385,A,D, CB  ,LYS,96,6ufr
36.76913189075859,4.893409372533609,A,D, CG  ,LYS,96,6ufr
36.36808669699301,4.892374209728251,A,D, CD  ,LYS,96,6ufr
35.321815638497405,4.889695324319746,A,D, CE  ,LYS,96,6ufr
34.73062505916068,4.888229239551981,A,D, NZ  ,LYS,96,6ufr
40.923283592595546,4.904895236416648,A,D, N   ,LYS,97,6ufr
42.30332999894925,4.908979321767564,A,D, CA  ,LYS,97,6ufr
43.24814059586839,4.911888221665487,A,D, C   ,LYS,97,6ufr
43.291527161789986,4.9120064957169,A,D, O   ,LYS,97,6ufr
42.71405952376805,4.9102194295603905,A,D, CB  ,LYS,97,6ufr
42.53533469951777,4.90966069204291,A,D, CG  ,LYS,97,6ufr
42.937379007107545,4.910891542479971,A,D, CD  ,LYS,97,6ufr
42.97435805221528,4.910998595896432,A,D, CE  ,LYS,97,6ufr
43.547901499383414,4.912773909229091,A,D, NZ  ,LYS,97,6ufr
44.06000173626869,4.914367828956488,A,D, N   ,ASP,98,6ufr
45.164956647825974,4.917857295313343,A,D, CA  ,ASP,98,6ufr
46.29672330737889,4.921527453811849,A,D, C   ,ASP,98,6ufr
47.05607814087357,4.92404063539232,A,D, O   ,ASP,98,6ufr
44.735854848208724,4.916483240856667,A,D, CB  ,ASP,98,6ufr
44.140484931636166,4.914632234007082,A,D, CG  ,ASP,98,6ufr
44.9141449100392,4.917061794720416,A,D, OD1 ,ASP,98,6ufr
42.90502796875909,4.910820344629059,A,D, OD2 ,ASP,98,6ufr
